Prénoms 2010;Nombre;Prénoms 2009;Nombre;Prénoms 2008;Nombre;Prénoms 2007;Nombre;Prénoms 2006;Nombre;Prénoms 2005;Nombre;Prénoms 2004;Nombre
Gabriel;398;Gabriel;350;Gabriel;316;Gabriel;313;Raphaël;314;Alexandre;329;Alexandre;319
Louise;335;Louise;322;Louise;288;Raphaël;303;Alexandre;309;Inès;282;Paul;294
Arthur;302;Raphaël;299;Raphaël;280;Alexandre;298;Camille;287;Emma;274;Thomas;286
Raphaël;298;Alexandre;286;Adam;271;Louise;265;Gabriel;285;Raphaël;269;Raphaël;280
Adam;295;Adam;279;Chloé;270;Paul;257;Emma;282;Arthur;261;Camille;275
Louis;272;Paul;274;Arthur;267;Louis;256;Thomas;259;Paul;248;Inès;268
Alexandre;267;Camille;273;Camille;265;Emma;246;Inès;255;Antoine;245;Emma;265
Chloé;258;Chloé;264;Alexandre;260;Adam;243;Louis;247;Gabriel;239;Gabriel;252
Camille;253;Arthur;258;Emma;255;Arthur;241;Antoine;243;Camille;238;Antoine;248
Paul;252;Louis;257;Louis;254;Camille;232;Paul;243;Thomas;225;Louis;237
Emma;250;Maxime;246;Paul;242;Chloé;220;Sarah;232;Sarah;221;Victor;226
Sarah;246;Emma;239;Sarah;241;Thomas;218;Arthur;225;Clara;215;Maxime;223
Maxime;222;Antoine;226;Inès;227;Jules;216;Louise;218;Jules;209;Hugo;210
Victor;219;Sarah;225;Antoine;220;Sarah;214;Adam;218;Louis;207;Louise;206
Alice;213;Lucas;221;Maxime;213;Lucas;214;Chloé;215;Léa;197;Sarah;204
Inès;207;Inès;216;Thomas;211;Antoine;211;Maxime;199;Lucas;197;Marie;204
Eva;199;Victor;207;Victor;207;Inès;199;Léa;184;Louise;195;Arthur;203
Jeanne;192;Alice;202;Léa;192;Nathan;193;Clara;184;Alice;193;Léa;195
Lucas;186;Jules;199;Lucas;192;Jeanne;192;Victor;184;Chloé;192;Clara;195
Antoine;185;Nathan;181;Jules;190;Maxime;192;Nathan;180;Mathilde;190;Alice;193
Nathan;178;Léa;179;Jeanne;175;Alice;190;Marie;177;Enzo;188;Lucas;189
Léa;175;Thomas;175;Sacha;171;Sacha;184;Enzo;169;Adam;187;Jules;187
Sacha;172;Juliette;175;Juliette;166;Victor;181;Lucas;168;Maxime;181;Chloé;184
Lina;169;Jeanne;172;Nathan;159;Eva;165;Jules;161;Jeanne;179;Enzo;180
Jules;168;Mohamed;169;Eva;157;Léa;161;Jeanne;159;Marie;177;Manon;173
Thomas;168;Eva;162;Martin;150;Enzo;160;Adrien;159;Clément;174;Juliette;170
Juliette;165;Hugo;161;Clément;148;Hugo;158;Eva;157;Victor;173;Adam;169
Anna;161;Enzo;160;Charlotte;145;Lucie;156;Hugo;157;Hugo;161;Nicolas;163
Mohamed;156;Zoé;154;Gaspard;145;Juliette;154;Samuel;156;Manon;160;Nathan;158
Manon;153;Clément;150;Mohamed;144;Clara;151;Mohamed;155;Lucie;157;Jeanne;156
Hugo;148;Jade;148;Samuel;144;Charlotte;149;Clément;154;Mohamed;155;Julien;156
Enzo;145;Manon;146;Enzo;141;Rayan;148;Manon;154;Nathan;143;Lucie;155
Samuel;143;Lina;144;Zoé;141;Clément;141;Mathilde;154;Charlotte;142;Mohamed;150
Oscar;143;Lucie;143;Alice;136;Zoé;137;Anaïs;154;Anna;141;Alexis;149
Jade;142;Sacha;140;Jade;136;Gaspard;135;Alice;153;Adrien;140;Mathilde;143
Clément;137;Charlotte;138;Lina;136;Yanis;135;Juliette;149;Sacha;139;Mathis;142
Mathilde;136;Anna;130;Hugo;135;Anaïs;135;Sacha;145;Baptiste;139;Clément;140
Lou;128;Ethan;129;Lucie;135;Marie;131;Charlotte;142;Nicolas;138;Rayan;140
Adrien;128;Mathilde;128;Marie;135;Mohamed;130;Lucie;140;Julie;137;Jade;139
Gaspard;127;Joseph;126;Yanis;135;Jade;129;Rayan;138;Juliette;137;Eva;139
Simon;124;Rose;125;Mathilde;134;Ethan;127;Yanis;135;Pierre;135;Adrien;138
Martin;123;Samuel;124;Anaïs;130;Samuel;126;Nina;129;Lou;134;Anaïs;137
Léo;123;Anaïs;124;Clara;130;Lina;125;Nicolas;128;Rayan;132;Sacha;136
Noah;122;Léo;123;Manon;129;Mathis;121;Ethan;126;Jade;130;Léo;136
Anaïs;122;Lou;123;Anna;127;Manon;120;Clémence;126;Romain;128;Romain;133
Joseph;120;Gaspard;122;Ethan;126;Mathilde;119;Alexis;126;Alexis;128;Pierre;133
Clara;120;Clémence;121;Léo;126;Anna;119;Baptiste;125;Léo;127;Lou;133
Yanis;118;Adrien;121;Noah;123;Julien;114;Mathis;124;Mathis;126;Baptiste;132
Charlotte;118;Marie;121;Oscar;122;Théo;112;Léo;124;Eva;126;Charlotte;130
Zoé;113;Yanis;120;Rayan;121;Léo;111;Simon;122;Yanis;125;Théo;128
Nina;112;Rayan;119;Adrien;117;Adrien;111;Lisa;121;Ethan;124;Yanis;126
Clémence;111;Clara;118;Baptiste;114;Baptiste;110;Jade;119;Samuel;124;Quentin;125
Romane;108;Noah;118;Lou;114;Nina;108;Romain;117;Anaïs;124;Pauline;122
Gabrielle;107;Augustin;116;Mathis;112;Oscar;107;Zoé;117;Pauline;120;Julie;119
Rayan;106;Oscar;114;Pauline;109;Lou;107;Anna;116;Lisa;120;Laura;119
Lucie;106;Martin;111;Simon;103;Pauline;105;Lina;114;Gaspard;119;Benjamin;118
Ethan;105;Gabrielle;108;Julien;102;Martin;105;Pierre;113;Clémence;112;Martin;118
Rose;103;Noé;107;Clémence;100;Alexis;105;Gaspard;112;Julien;110;Anna;117
Marie;101;Simon;106;Julie;97;Valentin;103;Pauline;112;Benjamin;107;Lisa;112
Adèle;100;Victoria;104;Nina;97;Nicolas;102;Oscar;111;Noémie;107;Simon;109
Noé;97;Nina;103;Noa;97;Noah;102;Benjamin;110;Martin;106;Zoé;109
Axel;97;Pauline;101;Lola;94;Clémence;102;Martin;107;Théo;106;Clémence;105
Baptiste;96;Lisa;96;Axel;93;Julie;101;Julien;107;Oscar;103;Ethan;102
Alexis;95;Maxence;95;Aaron;92;Quentin;100;Quentin;105;Noé;102;Tom;102
Mathis;94;Baptiste;93;Maxence;92;Simon;98;Tom;102;Tom;102;Emilie;102
Benjamin;93;Margaux;90;Héloïse;91;Augustin;95;Lou;101;Axel;102;Gaspard;100
Victoire;93;Lola;90;Rose;91;Noé;94;Romane;100;Zoé;100;Axel;100
Maxence;93;Elise;89;Joseph;89;Romane;94;Maxence;97;Charles;95;Charles;98
Noémie;93;Mathis;89;Pierre;89;Emilie;93;Axel;97;Lina;94;Romane;98
Margaux;92;Alexis;89;Alexis;88;Romain;90;Gabrielle;97;Romane;94;Maxence;97
Pierre;89;Romane;88;Quentin;88;Laura;90;Adèle;97;Yasmine;93;Samuel;96
Augustin;88;Pierre;86;Romane;88;Lisa;90;Mathieu;95;Agathe;93;Noé;96
Noa;88;Théo;86;Victoria;88;Pierre;89;Valentin;94;Nina;91;Margot;95
Jean;87;Benjamin;85;David;87;Axel;89;Valentine;94;Matthieu;91;Nina;94
Amine;87;Adèle;85;Romain;87;Elias;89;Joseph;93;Maxence;90;Guillaume;91
Aaron;86;Julia;84;Tom;87;Rose;85;Noah;93;Victoria;88;Lina;91
Alix;86;Valentin;84;Charles;86;Joseph;84;Agathe;92;Adèle;88;Matthieu;91
Elise;85;Romain;83;Tristan;86;Gabrielle;83;Julia;91;Quentin;87;Valentin;90
Julia;85;Quentin;83;William;86;Maxence;82;Sara;89;Ambre;86;Elisa;88
Valentin;85;Héloïse;82;Agathe;85;Maya;80;Julie;88;Margaux;86;David;87
Maya;84;Valentine;80;Nicolas;83;Adèle;80;Noé;85;Mathieu;85;Julia;85
Timothée;84;Axel;80;Valentin;83;Agathe;79;Elias;85;Simon;85;Mathieu;84
Théo;84;Victoire;79;Gabrielle;82;Ambre;78;Augustin;83;Lola;85;Carla;84
Lola;82;Noa;79;Noémie;82;Benjamin;78;David;83;Victoire;84;Oscar;83
Elisa;82;Margot;79;Théo;81;David;78;Emilie;83;Laura;83;Capucine;82
Margot;81;Timothée;79;Valentine;79;Charles;77;Laura;81;Noah;82;Océane;81
Quentin;81;David;79;Yasmine;79;Héloïse;77;Lola;80;Valentin;81;Alix;80
Lisa;81;William;78;Adèle;78;Aaron;76;Théo;80;Elias;80;Noah;80
Héloïse;81;Salomé;78;Augustin;78;Eliott;76;Salomé;79;Noa;79;Yasmine;79
Pauline;79;Aaron;76;Benjamin;78;Victoria;75;Noa;79;Alix;77;Mattéo;79
Apolline;78;Laura;76;Capucine;78;Lola;74;Matthieu;79;Valentine;77;Joseph;78
Ava;77;Agathe;75;Noé;78;Noémie;74;Ambre;78;Carla;77;Salomé;78
Côme;77;Eliott;75;Laura;77;Tom;73;Alix;77;Emilie;77;Noémie;78
Valentine;77;Elisa;75;Margaux;77;Félix;73;Victoire;77;Océane;77;Victoria;76
Laura;76;Jean;74;Sofia;77;Diane;73;Charles;77;Guillaume;76;Tristan;76
Diane;75;Joséphine;74;Emilie;76;Yasmine;72;Héloïse;77;Joseph;75;Valentine;75
Romain;73;Tom;74;Jean;76;Mathieu;72;Noémie;75;Félix;75;Ambre;74
Charles;73;Julien;74;Salomé;76;Valentine;72;Elise;72;Rose;74;Margaux;74
Evan;72;Sasha;73;Maya;75;Alix;71;Margot;72;Salomé;74;Augustin;73
Basile;71;Charles;73;Eliott;74;Margot;71;Yasmine;71;Aurélien;73;Lola;73
Salomé;71;Ambre;72;Lisa;74;Timothée;71;Elisa;71;Joséphine;73;Noa;72
Tom;71;Alix;72;Julia;73;Salomé;70;Victoria;70;David;73;Agathe;72
Capucine;71;Ava;72;Elsa;71;Sara;70;Elsa;69;Eliott;70;Jean;70
Félix;71;Yasmine;72;Margot;71;Elisa;70;Margaux;69;Héloïse;70;Victoire;70
Mehdi;70;Emilie;72;Alix;70;Joséphine;69;Rose;68;William;69;Justine;70
Victoria;70;Nicolas;71;Ava;70;Apolline;69;Joséphine;67;Rayane;69;Timothée;70
Sasha;69;Julie;71;Sara;70;Noa;68;Rayane;67;Tristan;69;Vincent;69
Elsa;69;Elsa;70;Timothée;70;Océane;68;Aaron;66;Gabrielle;67;Adèle;67
Nour;69;Sofia;69;Ambre;69;Capucine;67;Capucine;66;Julia;66;Dylan;67
Léna;69;Côme;69;Diane;68;Guillaume;66;Jean;65;Capucine;66;William;66
David;69;Elias;68;Elias;68;Myriam;64;Ruben;65;Justine;64;Héloïse;66
Iris;69;Aya;67;Sasha;68;Justine;64;Sofia;65;Augustin;63;Eléonore;64
Emilie;68;Nour;67;Elisa;65;Julia;63;Guillaume;65;Léna;63;Marine;64
Tristan;68;Sara;67;Olivia;65;Margaux;63;Esther;65;Ruben;61;Aurélien;63
Agathe;67;Apolline;66;Mathieu;64;Sofia;62;William;63;Sara;61;Elise;62
Alicia;67;Noémie;64;Victoire;64;Aurélien;61;Eliott;62;Maëlle;61;Elsa;62
Elias;67;Maya;63;Antonin;63;Jean;61;Léna;61;Violette;61;Mehdi;61
Sofia;66;Maël;62;Alicia;62;Olivia;61;Myriam;60;Elisa;61;Ruben;61
Maël;65;Léonard;62;Apolline;61;Carla;61;Luna;60;Diane;61;Alexandra;60
Aya;65;Ismaël;62;Elise;61;Victoire;60;Amine;59;Elise;60;Apolline;60
Sara;65;Félix;60;Madeleine;61;Violette;60;Apolline;59;Vincent;60;Shirel;59
Eliott;65;Ulysse;59;Noam;61;Léna;60;Florian;58;Marine;60;Félix;59
Yasmine;63;Mathieu;59;Nour;61;Côme;59;Océane;58;Alicia;60;Kevin;58
Léon;63;Capucine;59;Amine;60;Elsa;59;Tristan;57;Eden;59;Sofia;58
Joséphine;63;Diane;59;Luna;60;Tristan;59;Diane;57;Jean;58;Sara;57
Ambre;61;Tristan;59;Fatoumata;59;Sasha;58;Fatoumata;56;Grégoire;58;Rayane;57
Ulysse;61;Léna;59;Aurélien;58;Ruben;57;Maël;55;Margot;58;Elias;57
William;61;Amine;58;Constance;58;Marion;57;Evan;55;Maya;57;Elodie;57
Ismaël;61;Garance;58;Iris;58;Maël;56;Aurélien;54;Florian;57;Yann;56
Mila;61;Antonin;57;Esther;57;Matthieu;56;Maya;54;Timothée;57;Grégoire;56
Ruben;60;Luna;56;Maëlys;57;Garance;56;Mathias;54;Eléonore;56;Fatoumata;56
Julie;60;Matthieu;56;Célia;56;Eden;55;Justine;53;Alexandra;56;Léna;56
Titouan;60;Eden;55;Violette;56;Iris;55;Sasha;53;Garance;56;Aaron;55
Noam;60;Liam;55;Léna;55;Ismaël;55;Vincent;52;Myriam;55;Célia;54
Charlie;60;Noam;55;Eden;54;Ava;54;Violette;52;Antonin;55;Marius;54
Julien;60;Alicia;54;Mila;53;William;54;Carla;52;Mattéo;54;Alicia;54
Luca;59;Esther;54;Evan;52;Mathias;54;Ulysse;51;Thibault;54;Clémentine;52
Violette;59;Olivia;53;Joséphine;52;Antonin;54;Corentin;51;Aaron;52;Robin;52
Lily;58;Maëlys;53;Liam;52;Mathéo;51;Ava;50;Ibrahim;52;Joséphine;52
Liam;58;Eléonore;52;Roman;52;Aya;51;Félix;50;Luna;52;Claire;52
Gabin;58;Luca;51;Ruben;52;Grégoire;51;Eden;49;Elsa;52;Florian;52
Matthieu;58;Evan;50;Solal;52;Esther;51;Mathéo;49;Maël;51;Eliott;52
Fatoumata;58;Eloïse;50;Guillaume;51;Ines;50;Célia;49;Mathias;50;Thibault;52
Justine;57;Stella;50;Justine;51;Mehdi;49;Lila;49;Fatoumata;50;Rose;51
Constance;57;Violette;50;Sophie;51;Nour;49;Titouan;49;Chiara;50;Constance;51
Nicolas;56;Mélissa;50;Côme;50;Solal;48;Chiara;49;Marius;49;Gabrielle;51
Olivia;55;Charlie;50;Youssef;50;Malo;47;Timothée;48;Etienne;49;Diane;51
Léonard;55;Iris;50;Corentin;49;Daniel;47;Gabin;48;Sofia;49;Chiara;51
Léonie;55;Basile;49;Eléonore;48;Noam;47;Noam;48;Lila;49;Amine;50
Lucien;54;Constance;49;Faustine;48;Mariam;47;Garance;48;Iris;49;Myriam;49
Maëlys;54;Anouk;49;Félix;48;Evan;46;Iris;48;Amélie;48;Mathias;49
Garance;54;Ines;48;Ibrahim;48;Amine;46;Hector;47;Marion;48;Stanislas;49
Aurélien;53;Justine;48;Lila;48;Mélissa;46;Mehdi;47;Esther;48;Erwan;49
Robin;53;Suzanne;48;Luca;48;Chiara;46;Nour;47;Célia;46;Basile;48
Naël;53;Yassine;48;Marius;48;Eléonore;45;Dylan;47;Pablo;45;Morgane;48
Mathieu;53;Guillaume;48;Matthieu;48;Elise;45;Samy;47;Ulysse;45;Max;48
Yassine;53;Faustine;48;Suzanne;48;Ulysse;45;Alexandra;46;Yann;45;Anouk;48
Madeleine;53;Amaury;47;Yann;48;Stella;45;Jérémy;45;Ines;45;Solène;47
Stella;51;Aurélien;47;Anouk;47;Maëlys;45;Mattéo;45;Kevin;45;Sophie;47
Youssef;51;Samy;47;Eloïse;47;Titouan;45;Esteban;45;Titouan;45;Garance;47
Eden;50;Lucien;46;Ines;47;Fatoumata;45;Faustine;45;Basile;44;Titouan;46
Octave;50;Youssef;46;Maël;47;Samy;45;Marine;45;Amine;44;Antonin;46
Ibrahim;50;Esteban;46;Marion;47;Célia;44;Aya;44;Mariam;44;Samy;46
Eléonore;49;Ruben;45;Mélissa;47;Kevin;44;Marius;44;Olivia;43;Iris;46
Suzanne;49;Célia;45;Yacine;47;Alicia;44;Marion;44;Robin;43;Matteo;45
Hector;48;Mehdi;45;Isaac;46;Hadrien;43;Robin;44;Imane;43;Ulysse;45
Myriam;48;Marius;45;Mathias;45;Edouard;43;Eloïse;44;Mehdi;42;Mamadou;45
Solal;48;Ibrahim;45;Mehdi;45;Elie;43;Anouk;44;Ryan;42;Côme;45
Océane;48;Nolan;45;Milo;45;Achille;43;Lilou;44;Ilan;42;Maël;44
Anouk;47;Fatoumata;45;Ismaël;44;Ibrahim;42;Max;44;Apolline;42;Corentin;44
Ayoub;46;Mila;45;Lily;44;Eloïse;42;Léonard;43;Daniel;42;Alex;44
Romy;46;Chiara;45;Robin;44;Claire;42;Ibrahim;43;Sophie;41;Yacine;44
Isaac;46;Robin;44;Salma;44;Lenny;41;Clémentine;43;Constance;41;Etienne;43
Nolan;46;Marion;44;Garance;43;Luna;41;Constance;43;Côme;41;Eloïse;43
Faustine;46;Malo;44;Lorenzo;43;Lucien;41;Côme;43;Hippolyte;41;Sasha;43
Diego;46;Océane;44;Maëlle;43;Yassine;41;Claire;43;Dylan;41;Lucien;43
Abel;46;Ella;44;Océane;43;Max;41;Emile;43;Mamadou;40;Mariam;43
Marius;45;Daniel;44;Emile;42;Léonie;40;Eliot;43;Lucile;40;Marion;42
Sophie;45;Elie;44;Gabin;42;Isaac;40;Rafael;43;Aya;39;Stella;42
Marion;45;Mathéo;43;Hippolyte;42;Vincent;40;Ismaël;43;Jérémy;39;Candice;42
Yacine;45;Myriam;43;Emmanuel;41;Esteban;40;Mila;43;Loïc;39;Yassine;42
Thibault;45;Ilyes;43;Myriam;41;Yacine;40;Grégoire;42;Claire;39;Edouard;42
Lenny;44;Léon;43;Samy;41;Clémentine;39;Kylian;42;Corentin;39;Lise;42
Achille;44;Mamadou;43;Théodore;41;Suzanne;39;Elie;42;Solal;39;Ryan;41
Esther;44;Naël;43;Aya;40;Liam;39;Achille;42;Malo;39;Maya;41
Mathéo;43;Ali;42;Claire;40;Constance;39;Sophie;41;Céline;39;Ilan;41
Théodore;43;Lily;41;Esteban;40;Florian;39;Moussa;41;Samy;39;Lucile;41
Ines;42;Hippolyte;41;Hector;40;Paloma;39;Roxane;41;Clémentine;38;Maëlle;41
Blanche;42;Thibault;41;Ilyes;40;Roman;39;Antonin;41;Evan;38;Aminata;41
Lilia;42;Anis;40;Maïa;40;Madeleine;39;Yacine;41;Estelle;38;Anthony;41
Edouard;42;Gabin;40;Titouan;40;Marius;38;Mélissa;40;Rémi;38;Mélissa;41
Ali;42;Mathias;40;Ulysse;40;Mathys;38;Stanislas;40;Ismaël;38;Pablo;40
Daniel;42;Aïcha;40;Achille;39;Luca;38;Matteo;39;Hector;37;Hadrien;40
Mariam;42;Léonie;39;Chiara;39;Amandine;38;Basile;39;Mathéo;37;Lenny;40
Edgar;42;Isaac;39;Lilia;39;Léon;38;Eléonore;39;Moussa;37;Maëlys;40
Clémentine;41;Aminata;39;Lucien;39;Mattéo;38;Amandine;39;Sasha;37;Violette;40
Alexandra;41;Nora;39;Anatole;38;Erwan;38;Céline;39;Blanche;37;Dorian;39
Luna;41;Madeleine;39;Ayoub;38;Anouk;38;Anthony;39;Aminata;37;Amélie;39
Mélina;41;Romy;38;Léon;38;Milo;37;Daphné;39;Morgane;36;Léonard;39
Guillaume;41;Lilia;38;Max;38;Gabin;37;Emmanuel;39;Lucien;36;Luna;39
Léopold;41;Emile;38;Octave;38;Rémi;37;Olivia;38;Marc;36;Céline;39
Andrea;41;Céleste;38;Sofiane;38;Thibault;37;Blanche;38;Milo;36;Jonathan;39
Jasmine;41;Roman;38;Basile;37;Emmanuel;37;Alicia;38;Esteban;36;Daphné;39
Amaury;40;Achille;38;Carla;37;Dylan;37;François;38;Daphné;36;Mathéo;38
Ilyes;40;Hector;37;Clémentine;37;Basile;36;Thibault;38;Céleste;36;Arnaud;38
Daphné;40;Matteo;37;Kylian;37;Léonard;36;Elliot;37;Lilou;36;Noam;38
Mathias;40;Marc;37;Mariam;37;Etienne;36;Kenza;37;Lise;36;Anaëlle;38
Elie;40;Lila;37;Pablo;37;Sophie;36;Armand;37;Hélène;36;Eden;37
Marc;39;Edouard;37;Stanislas;37;Yann;36;Ryan;37;Mila;36;Moussa;37
Lena;39;Solal;37;Théophile;37;Blanche;36;Etienne;37;Dorian;35;Blanche;37
Joshua;39;Lilou;37;Ahmed;36;Loïc;36;Maëlys;37;Fanny;35;Eliot;37
Rafael;39;Joshua;37;Edouard;36;Anis;36;Edouard;37;Dimitri;35;Emmanuel;37
Mamadou;38;Lise;37;Ella;36;Aminata;36;Erwan;37;Angèle;35;Amaury;36
Lucile;38;Vadim;36;Marc;36;Daphné;36;Eugénie;37;Eve;35;Marc;36
Anton;38;Lenny;36;Mathéo;36;Sirine;36;Dorian;36;Sofiane;35;Emile;36
Antonin;38;Maïa;36;Stella;36;Hélène;36;Lenny;36;Diego;35;Cécile;36
Nils;37;Manel;36;Thibault;36;Ahmed;36;Clarisse;36;Noam;35;Rémi;36
César;37;Kylian;36;Vincent;36;Ilyes;35;Théodore;36;Max;35;Kenza;35
Lila;37;Paloma;36;Blanche;35;Emile;35;Audrey;36;Ninon;35;Hippolyte;35
Hippolyte;37;Pablo;35;Charlie;35;Céline;35;Madeleine;36;Amaury;34;Roxane;35
Anis;37;Octave;35;Daphné;35;Faustine;35;Amaury;35;Solène;34;Sofiane;35
Rayane;37;Grégoire;35;Elie;35;Marguerite;35;Théophile;35;Maëlys;34;Maximilien;35
Tess;37;Titouan;35;Etienne;35;Mila;35;Ines;35;Nour;34;Sixtine;35
Lise;37;Auguste;35;Joshua;35;Lily;34;Stella;35;Edouard;34;Hélène;35
Max;37;Lyna;35;Kenza;35;Moussa;34;Lucile;35;Philippine;34;Elie;35
Aïcha;37;Mariam;35;Mathys;35;Robin;34;Solal;35;Andréa;34;Esther;35
Ahmed;37;Yacine;35;Armand;34;Hippolyte;34;Alex;35;Elie;34;Théophile;34
Samy;37;Hamza;35;Joachim;34;Andréa;34;Selma;35;Elodie;34;Jérémy;34
Matteo;36;Salma;34;Jonathan;34;Céleste;34;Fanny;34;Théophile;33;Loïc;34
Vadim;36;Kenza;34;Sirine;34;Lise;34;Marc;34;Marguerite;33;Solal;34
Inaya;36;Alexandra;34;Ali;33;Théophile;33;Yassine;34;Rania;33;Esteban;34
Milo;36;Blanche;34;Céleste;33;Alexia;33;Maximilien;34;Erwan;33;Marguerite;34
Roxane;36;Max;34;Lili;33;Maëlle;33;Lyna;34;Emmanuel;33;Olivier;34
Claire;36;Hannah;34;Lilou;33;Sofiane;33;Yann;33;Lorenzo;32;Daniel;34
Corentin;36;Ahmed;34;Mamadou;33;Lyna;33;Suzanne;33;Yassine;32;François;34
Aminata;36;Dylan;34;Mattéo;33;Edgar;33;Aminata;33;Olivier;32;Mélanie;33
Mélissa;36;Armand;33;Naomi;33;Hector;32;Elena;33;Faustine;32;Ibrahim;33
Bérénice;36;Zélie;33;Paloma;33;Matteo;32;Paloma;33;Sixtine;32;Sami;33
Céleste;35;Nils;33;Romy;33;Amaury;32;Andrea;33;Ali;32;Lila;33
Lilou;35;Lucile;33;Sophia;33;Alex;32;Roman;33;François;32;Anis;33
Théophile;34;Milo;33;Diego;32;Alexandra;31;Mariam;33;Hadrien;31;Imane;33
Hadrien;34;Mattéo;33;Dylan;32;Flora;31;Edgar;33;Amandine;31;Rachel;33
Amir;34;Daphné;33;Grégoire;32;Imane;31;Salma;32;Emile;31;Andréa;33
Esteban;34;Arsène;33;Lyna;32;Luc;31;Lily;32;Cyprien;31;Ali;33
Auguste;34;Anton;33;Milan;32;Ali;31;Milo;32;Damien;31;Ahmed;33
Armand;33;Andrea;33;Roxane;32;Lilou;31;Angèle;32;Anouk;31;Aya;32
Mia;33;Hadrien;32;Alma;31;Alban;31;Sofiane;32;Joshua;31;Lorenzo;32
Eve;33;Théophile;32;Amandine;31;Amélie;30;Diego;32;Anaëlle;31;Nils;32
Chiara;33;Sophie;32;Elena;31;Lucile;30;Daniel;32;Kenza;30;Roman;32
Hamza;33;Etienne;32;Eugénie;31;Marc;30;Hadrien;31;Armand;30;Killian;32
Timothé;32;Moussa;32;Hadrien;31;Lila;30;Aurore;31;Suzanne;30;Eugénie;32
Eloïse;32;Vincent;32;Hamza;31;Mamadou;30;Pablo;31;Virgile;30;Ilona;31
Milan;32;Léopold;32;Hélène;31;Anatole;30;Luca;31;Bastien;30;Anatole;31
Manel;32;Zakaria;32;Lucile;31;Youssef;30;Anatole;31;Anthony;30;Henri;31
Gustave;32;Rayane;32;Aminata;30;Maïa;30;Mamadou;31;Alex;30;Milo;31
Ilian;32;Abel;32;Anaëlle;30;Rayane;30;Hippolyte;31;Léane;30;Shana;31
Erwan;32;Eugénie;32;Awa;30;Andrea;30;Anis;31;Lenny;29;Malo;31
Sophia;32;Elliot;31;Clarisse;30;Louna;30;Malo;31;César;29;Eve;31
Salma;31;Amélie;31;Florian;30;Sixtine;30;Arsène;31;Isaac;29;Audrey;31
Lorenzo;31;Loïc;31;Lenny;30;Ninon;30;Shirel;31;Jonas;29;Sabrina;31
Anatole;31;Thaïs;31;Léonard;30;Hamza;30;Andréa;31;Shana;29;Amandine;30
Emile;31;Claire;31;Lise;30;Kenza;29;Rafaël;31;Roxane;29;Estelle;30
Malo;31;Eve;31;Mia;30;Octave;29;Kevin;30;Nassim;29;Damien;30
Amandine;30;Gustave;31;Moussa;30;Ayoub;29;Maëlle;30;Paloma;29;Maud;30
Alma;30;Rafael;31;Nils;30;Nils;29;Flora;30;Louna;29;Ines;29
Hanna;30;Théodore;31;Rayane;30;Roxane;29;Imane;30;Ahmed;29;Coline;29
Maïa;30;Noham;31;Alexandra;29;Bastien;29;Hélène;30;Axelle;29;Dimitri;29
Marin;30;Louna;31;Ambroise;29;Virgile;29;Raphaëlle;30;Madeleine;29;Suzanne;29
Sirine;30;Sophia;31;Anis;29;Corentin;29;Ilyes;29;Ava;28;Alexia;29
Sofiane;30;Edgar;31;Daniel;29;Gustave;29;Amélie;29;Ayoub;28;Bastien;29
Elena;30;Kaïs;30;Edgar;29;Théodore;29;Dimitri;29;Nils;28;Nour;29
Nassim;30;Maëlle;30;Elliot;29;Ella;29;Alexia;29;Lily;28;Caroline;29
Wassim;30;Nino;30;Ilian;29;Raphaëlle;29;Léopold;29;Matéo;28;Angèle;29
Eugénie;30;Hanna;30;Jasmine;29;Dorian;28;Rémi;29;Henri;28;Jessica;29
Kaïs;29;Milan;30;Kevin;29;César;28;Ella;29;Awa;28;Louna;29
Florian;29;Joachim;30;Léopold;29;Estelle;28;Aïcha;29;Jonathan;28;Achille;29
Joachim;29;Hortense;30;Malo;29;Jonathan;28;Léane;29;Lili;28;Astrid;29
Andréa;29;Diego;30;Aïcha;28;Milan;28;Henri;27;Mélissa;28;Ninon;29
Ella;29;Maïssa;30;Amaury;28;Eliot;28;Ariane;27;Shirel;28;Salma;28
Hawa;29;Naomi;30;Gustave;28;Ilian;28;Rosalie;27;Stanislas;28;Olivia;28
Ana;29;Alex;30;Naël;28;Anton;28;Caroline;27;Jean-Baptiste;28;Hector;28
Lyna;29;Marine;30;Wassim;28;Abel;28;Youssef;27;Rafael;28;Armand;28
Ninon;29;Aurore;29;Andrea;27;Timothé;27;Kévin;27;Sabrina;28;Ariane;28
Emmanuel;29;Lorenzo;29;Balthazar;27;Aurore;27;Maïa;27;Achille;28;Evan;28
Dylan;29;Clémentine;29;Bastien;27;Albane;27;Gustave;27;Jacques;27;Lara;28
Lana;29;Mia;29;Judith;27;Alma;27;Olivier;27;Matteo;27;Rania;28
Célia;28;Ryan;29;Léonie;27;Eve;27;Ilian;27;Léonard;27;Luc;28
Balthazar;28;César;29;Louna;27;Kylian;27;Lili;27;Liam;27;Ludivine;28
Timéo;28;Roxane;29;Maria;27;François;27;Ninon;27;Caroline;27;Naomi;28
Stanislas;28;Céline;29;Mélina;27;Pablo;26;Maria;26;Nino;27;Lilou;28
Selma;28;Selma;29;Pénélope;27;Solène;26;Morgane;26;Maïa;27;Sophia;28
Ryan;27;Raphaëlle;29;Rachel;27;Romy;26;Ousmane;26;Elena;27;Madeleine;28
Hanaé;27;Zacharie;28;Rania;27;Aliénor;26;Isaac;26;Andrea;27;Diego;27
Kevin;27;Yann;28;Sixtine;27;Ilan;26;Lucien;26;Raphaëlle;27;Marin;27
Assia;27;Sami;28;Thaïs;27;Henri;26;Judith;26;Eric;27;Nassim;27
Nino;27;Florian;28;Abel;26;Prune;26;Hanna;26;Amina;26;Axelle;27
Zakaria;27;Timéo;28;Alexia;26;Thaïs;26;Marin;26;Sami;26;Sébastien;26
Kylian;27;Tess;28;Ana;26;Bilal;26;Ali;26;Anis;26;Léon;26
Colombe;27;Walid;28;Angèle;26;Lilia;26;Sophia;26;Arnaud;26;Léonie;26
Louna;27;François;28;Bilal;26;Jérémie;26;Anaëlle;26;Kévin;26;Cyprien;26
Tiago;27;Isaure;28;Céline;26;Aymeric;26;Timothé;25;Sirine;26;Philippine;26
Kenza;26;Bérénice;28;Chaïma;26;Arsène;26;Sébastien;25;Roman;26;Joshua;26
Fatima;26;Issa;27;Eve;26;Maximilien;26;César;25;Aïcha;26;Lana;26
Nathanaël;26;Corentin;27;Henri;26;Charlie;26;Liam;25;Salma;25;Ismaël;26
Cassandre;26;Lena;27;James;26;Elliot;25;Candice;25;Timothé;25;Luca;25
Moussa;26;Louison;27;Jérémy;26;Salma;25;Jonathan;25;Matthias;25;Matéo;25
Grégoire;26;Stanislas;27;Loïc;26;Dimitri;25;Nino;25;Léon;25;Kévin;25
Flora;26;Amandine;26;Maud;26;Vadim;25;Hortense;25;Anatole;25;Tess;25
Loïc;26;Kevin;26;Nael;26;Naël;25;Anton;25;Thaïs;25;Kylian;25
Hortense;26;Imane;26;Nino;26;Kévin;25;Abel;25;Bilal;25;Céleste;25
Rachel;26;Eloi;26;Rafael;26;Djibril;25;Astrid;25;Milan;25;Clarisse;25
Omar;26;Andréa;26;Raphaëlle;26;Clarisse;25;Bérénice;25;Ilian;25;Lyna;25
Arsène;26;Erwan;26;Yassine;26;Rania;25;Ambroise;24;Luc;25;Roméo;25
Aymen;26;Nassim;26;Abdoulaye;25;Stanislas;25;Solène;24;Hawa;25;Cassandra;25
Naomi;26;Pénélope;26;Andréa;25;Marine;25;Lorenzo;24;Ana;25;Elliot;24
Raphaëlle;26;Emmanuel;26;Eléa;25;Roméo;25;Aliénor;24;Maud;25;Lukas;24
Isaure;26;Solène;25;Eliot;25;Aïcha;25;Léon;24;Luka;25;Aliénor;24
Naïm;25;Elia;25;Eric;25;Selma;25;Jérémie;24;Killian;25;Fanny;24
Thaïs;25;Mina;25;Luc;25;Mina;24;Nolan;24;Octave;24;Anastasia;24
Maëlle;25;Souleymane;25;Ninon;25;Laure;24;Bastien;24;Ilona;24;Tiphaine;24
Elisabeth;25;Albane;25;Ryan;25;Sami;24;Zakaria;24;Bintou;24;Nolan;24
Mattéo;25;Alexia;25;Zélie;25;Ariane;24;Eve;24;Coline;24;Flora;24
Djibril;25;Caroline;25;Alban;24;Jérémy;24;Rania;24;Maria;24;Thaïs;24
Maïssa;25;Jonathan;25;Albane;24;Cyprien;24;Maeva;24;Philippe;24;Omar;24
Raphael;25;Asma;25;Amir;24;Awa;24;Céleste;24;Eloïse;24;Ana;24
Melissa;25;Judith;25;Ariane;24;Rebecca;24;Sirine;24;Léonie;24;Paloma;24
Paloma;25;Elena;25;Arsène;24;Angèle;24;Maïmouna;24;Gabin;24;Amina;23
Hannah;25;Luc;25;Axelle;24;Anthony;24;Joshua;24;Eliot;24;Sonia;23
Farah;25;Colombe;25;Erwan;24;Tess;24;Christian;24;Rachel;24;Ayoub;23
Alex;25;Léane;25;Hortense;24;Elena;24;Maud;24;Rafaël;24;César;23
Pénélope;25;Anaëlle;25;Luka;24;Olivier;24;Lana;24;Maximilien;24;Irène;23
Giulia;25;Giulia;25;Maïssa;24;Omar;24;Angelina;24;Audrey;24;Youssef;23
Aurore;24;Elodie;25;Marine;24;Ludivine;24;Mélanie;23;Ella;24;Issa;23
Aliénor;24;Kenzo;24;Matthias;24;Eugénie;24;Flore;23;Wassim;24;Laetitia;23
Zélie;24;Timothé;24;Mina;24;Elodie;24;Adem;23;Lana;24;Gabin;23
Henri;24;Aliénor;24;Nassim;24;Anaëlle;24;Vadim;23;Yacine;24;Elena;23
Judith;24;Fanny;24;Tess;24;Lorenzo;23;Albane;23;Mélanie;23;Ilian;23
Luc;24;Aurèle;24;Tiago;24;Ryan;23;Domitille;23;Aurore;23;Jean-Baptiste;23
Sixtine;24;Angèle;24;Zakaria;24;Maria;23;Mathys;23;Albane;23;Théodore;23
Roman;24;Fanta;24;Alex;23;Armand;23;Yohan;23;Alexia;23;Hamza;23
Pablo;23;Philippine;24;Aliénor;23;Elia;23;Ilan;23;Ariane;23;Edgar;23
Julian;23;Clarisse;24;Amélie;23;Matéo;23;Léonie;23;Rebecca;23;Raphaëlle;23
Mina;23;Lili;24;Astrid;23;Zakaria;23;Virgile;23;Clarisse;23;Amir;22
Eliot;23;Rachel;24;Aurèle;23;Sam;23;Mélina;23;Omar;23;Mona;22
Jonathan;23;Hawa;24;Clotilde;23;Léopold;23;Lilia;23;Théodore;23;Philippe;22
Fanta;23;Rémi;24;Hannah;23;Diego;23;Jonas;23;Astrid;23;Rosalie;22
Nora;23;Damien;24;Hawa;23;Rachel;23;Shana;23;Alban;23;Djibril;22
Lison;23;Eric;24;Lana;23;Rafaël;23;Timéo;23;Abdoulaye;23;Eloi;22
Malik;23;Younes;24;Léane;23;Nassim;23;Damien;23;Sébastien;22;Aymeric;22
Elliot;22;Karim;24;Louison;23;Pénélope;23;Benoît;23;Yannis;22;Lili;22
Solène;22;Nathanaël;23;Lukas;23;Nathanaël;22;Wassim;23;Mathys;22;Hortense;22
Mathys;22;Dorian;23;Manel;23;Matthias;22;Pénélope;23;Prune;22;Aïcha;22
Alexia;22;Nael;23;Maximilien;23;Mona;22;Amina;22;Stella;22;Bérénice;22
Sami;22;Anatole;23;Nathanaël;23;Rosalie;22;Mina;22;Rosalie;22;Oriane;21
Naomie;22;Ibrahima;23;Nolan;23;Caroline;22;Octave;22;Hanna;22;Laure;21
Owen;22;Jasmine;23;Rafaël;23;Lili;22;Sonia;22;Aymeric;22;Clotilde;21
Rebecca;22;Sixtine;23;Rémi;23;Auguste;22;Naël;22;Arsène;22;Maria;21
Vincent;22;Farah;23;Anthony;22;Lena;22;Estelle;22;Grace;22;Isaac;21
Eléa;22;Abdoulaye;23;Assia;22;Joshua;22;Loïc;22;Bérénice;22;Liam;21
Anthony;22;Léandre;22;Audrey;22;Farah;22;Kelly;22;Lydia;21;Bilal;21
Louisa;22;Mahaut;22;Aurore;22;Coline;21;Philippine;22;Flore;21;Rebecca;21
Damien;22;Ayoub;22;Djibril;22;Fanny;21;Joachim;22;Amir;21;Jérémie;21
Liv;22;Morgane;22;Eloi;22;Souleymane;21;Jessica;22;Anne;21;Faustine;21
Alban;22;Clovis;22;Estelle;22;Irène;21;Chaïma;22;Cécile;21;Cédric;21
Younes;22;Amir;22;Farah;22;Nolan;21;Lise;22;Fanta;21;Anissa;21
Anaëlle;22;Alma;22;Isaure;22;Eléa;21;Jasmine;22;Adama;21;Eric;21
Amélie;21;Rosalie;22;Jessica;22;Lara;21;Hawa;22;Youssef;21;Bryan;20
Camélia;21;Awa;22;Mohammed;22;Kelly;21;Luka;22;Léopold;21;Ilyes;20
Elia;21;Anthony;22;Olivier;22;Nora;21;Hannah;22;Manel;21;Matthias;20
Maria;21;Omar;22;Sami;22;Jasmine;21;Eric;22;Dan;21;Bruno;20
Albane;21;Ilian;22;Solène;22;Damien;21;Alban;22;Jessica;21;Lilia;20
Matéo;21;Marin;22;Swann;22;Hannah;21;Ahmed;22;Roméo;21;Virgile;20
Issa;21;Audrey;22;Anton;21;Audrey;21;Axelle;22;Hannah;21;Maïa;20
Adama;21;Ana;22;Ariel;21;Constantin;21;Elodie;22;Walid;21;Assia;20
Jessica;21;Hélène;22;Bérénice;21;Eric;21;Lydia;21;Jasmine;21;Nino;20
Roméo;21;Luka;22;Bintou;21;Zacharie;20;Nils;21;Selma;21;Elisabeth;20
Luka;21;Vanessa;22;César;21;Maryam;20;Cassandre;21;Sophia;21;Léopold;20
Marine;21;Lana;22;Cyprien;21;Amir;20;Sami;21;Pénélope;21;Ella;20
Hélène;21;Alban;22;Ferdinand;21;Alyssa;20;Awa;21;Cassandre;20;Andrea;20
Ambroise;20;Sonia;21;Fleur;21;Mohammed;20;Cyprien;21;Jérémie;20;Jasmine;20
Brune;20;Georges;21;François;21;Candice;20;Syrine;21;Lilia;20;Selma;20
Jérémy;20;Prune;21;Hanna;21;Cécile;20;Milan;21;Djibril;20;Pénélope;20
Aurèle;20;Tessa;21;Julian;21;Ange;20;Auguste;21;Laetitia;20;Yohan;19
Bilal;20;Bastien;21;Matteo;21;Judith;20;Manel;21;Maïssa;20;Dounia;19
Virgile;20;Flora;21;Méline;21;Hortense;20;Tony;21;Nora;20;Domitille;19
Bianca;20;Syrine;21;Morgane;21;Louison;20;Ludivine;21;Kylian;20;Alma;19
Louane;20;Charline;21;Philippine;21;Cédric;20;Hamza;21;Tess;20;Fleur;19
Philippine;20;Lino;21;Roméo;21;Wassim;20;Ayoub;20;Marin;20;Sidonie;19
Marceau;20;Djibril;21;Souleymane;21;Luka;20;Tiphaine;20;Hortense;20;Andy;19
Carla;20;Ariel;21;Younes;21;Marwa;20;Prune;20;Naomi;20;Naomie;19
Maximilien;20;Sofiane;21;Aymen;20;Walid;20;Karl;20;Eugénie;20;Awa;19
Adel;20;Maximilien;21;Dan;20;Sophia;20;Lilian;20;Hamza;20;Blandine;19
Abdoulaye;20;Dan;21;Elodie;20;Mélanie;19;Djibril;20;Mickaël;19;Jonas;19
Dina;20;Oumou;21;Gaël;20;Marcus;19;Marguerite;20;Laure;19;Eléa;19
Dorian;19;Chaïma;21;Ilan;20;Alan;19;Ibrahima;20;Camélia;19;Lena;19
Livia;19;Naïm;20;Lara;20;Clovis;19;Omar;20;Isabelle;19;Ibrahima;19
Etienne;19;Flore;20;Louisa;20;Anas;19;Lena;20;Karl;19;Emmanuelle;19
Zacharie;19;Jacques;20;Marguerite;20;Aurèle;19;Aymeric;20;Gaël;19;Xavier;19
Adem;19;Amira;20;Maryam;20;Ousmane;19;Sixtine;20;Maïlys;19;Luka;19
Maryam;19;Matthias;20;Selma;20;Shana;19;Roméo;20;Aurélie;19;Wassim;19
Aksel;19;Dimitri;20;Timothé;20;Tessa;19;Jean-Baptiste;20;Matis;19;Karim;19
Alyssa;19;Bintou;20;Vadim;20;Balthazar;19;Nassim;20;Balthazar;19;Isaure;19
Anas;19;Matéo;20;Youssouf;20;Timéo;19;Tiago;20;Judith;19;Talia;18
Tessa;19;Henri;20;Aïssatou;19;Laetitia;19;Abdoulaye;20;Ange;19;Amira;18
Rosalie;19;Candice;20;Amira;19;Louane;19;Oriane;19;Ibrahima;19;Mickaël;18
Swann;19;Rebecca;20;Cassandre;19;Maïssa;19;Matthias;19;Florent;19;Steven;18
Eloi;19;Mélina;20;Elia;19;Manel;19;Bintou;19;Anissa;19;Camélia;18
Sam;19;Marceau;20;Elyes;19;Christian;19;Niels;19;Benoît;19;Mathys;18
Imane;19;Marguerite;20;Flora;19;Adel;19;Mahaut;19;Dina;19;Thibaut;18
Rafaël;19;Ashley;20;Giulia;19;Maud;19;Gaël;19;Steven;18;Gaël;18
Ibrahima;19;Calixte;20;Irène;19;Ana;19;Anastasia;19;Bryan;18;Linda;18
Lili;19;Roméo;20;Lassana;19;Rafael;19;Owen;19;Zacharie;18;Mohammed;18
Marwa;19;Axelle;20;Nora;19;Lana;19;Bilal;19;Aliénor;18;Stéphane;18
François;19;Elyes;20;Shana;19;Bérénice;19;Cécile;19;Vadim;18;Enora;18
Jacques;18;Ninon;20;Thibaut;19;Léane;19;Assia;19;Alma;18;Christophe;18
Emmy;18;Astrid;20;Timéo;19;Jacques;18;Raphael;19;Thibaut;18;Adama;18
Yohan;18;Oumar;19;Yohan;19;Georges;18;Walid;19;Flora;18;Kelly;18
Jad;18;Ilan;19;Amina;18;Oumar;18;Isaure;19;Issa;18;Sirine;18
Fanny;18;Alan;19;Bakary;18;Yohan;18;Dina;19;Assia;18;Maeva;18
Bastien;18;Andy;19;Bianca;18;Gaël;18;Giulia;19;Tony;18;Dan;18
Lilian;18;Swann;19;Candice;18;Ivan;18;Gauthier;18;Lyna;18;Maylis;18
Enora;18;Amy;19;Cédric;18;Bianca;18;Laure;18;Laurent;18;Ludovic;18
Melvil;18;Eliot;19;Charline;18;Jonas;18;Guilhem;18;Marina;18;Florent;18
Paola;18;Eléa;19;Dina;18;Aurélie;18;Souleymane;18;Edgar;18;Laurent;18
Laetitia;18;Adama;19;Flore;18;Louisa;18;Zacharie;18;Tiago;18;Mila;18
Asma;18;Sirine;19;Imane;18;Nino;18;Marilou;18;Ilyes;17;Ugo;18
Lara;18;Sandro;19;Isabelle;18;Shirel;18;Émilie;18;Mia;17;Christine;18
Rémi;18;Yaël;19;Jacques;18;Jessica;18;Cyril;18;Yona;17;Nathanaël;17
Noham;18;Mélanie;18;Kelly;18;Frédéric;18;Mona;18;Sonia;17;Aurore;17
James;18;Laure;18;Kévin;18;Chaïma;18;Anne;18;Marwan;17;Ava;17
Yaël;18;Mathys;18;Loane;18;Sabrina;18;Arnaud;18;Owen;17;Souleymane;17
Nael;17;Brune;18;Maeva;18;Melissa;18;Eloi;18;Aurèle;17;Cassandre;17
Flore;17;Ewen;18;Matéo;18;Hawa;18;Rachel;18;Irène;17;Octave;17
Amina;17;Maria;18;Mélanie;18;Alessandro;18;Louison;18;Clovis;17;Gaëtan;17
Léandre;17;Jérémy;18;Melvin;18;Matias;18;Dan;18;Tara;17;Ilana;17
Dounia;17;Inaya;18;Neil;18;Astrid;18;Tess;18;Zakaria;17;Ivan;17
Bintou;17;Balthazar;18;Sam;18;Giulia;18;Louna;18;Théa;17;Swann;17
Ewan;17;Melvil;18;Sibylle;18;Isaure;18;Léonore;18;Lison;17;Franck;17
Prune;17;Assia;18;Tara;18;Cassandra;18;Vanessa;18;Xavier;17;Maïlys;17
Ilan;17;Louane;18;Tony;18;Elyes;18;Karim;18;Maïmouna;17;Fanta;17
Gaël;17;Lara;18;Virgile;18;Ilyès;17;Killian;18;Abel;17;Hanna;17
Sana;17;Justin;18;Adama;17;Morgane;17;Christopher;17;Ludivine;17;Judith;17
Awa;17;Lou-Ann;18;Angelina;17;Marwan;17;Jacques;17;Cassandra;17;Milan;17
Shana;17;Lilas;18;Auguste;17;Diana;17;Bryan;17;Sandra;16;Tanguy;17
Aboubacar;17;Fatou;18;Cassandra;17;Fleur;17;Clotilde;17;Yohan;16;Louison;17
Ange;17;Ambroise;17;Damien;17;Lilian;17;Coline;17;Luca;16;Colombe;17
Kelly;17;Yohan;17;Dimitri;17;Eloi;17;Lassana;17;Anastasia;16;Benoît;17
Céline;17;Maxim;17;Ibrahima;17;Issa;17;Marwan;17;Cyril;16;Rafael;17
Charline;17;Mohammed;17;Jana;17;Assia;17;Alma;17;Sidonie;16;Walid;17
Olivier;17;Karl;17;Johan;17;Raphael;17;Rebecca;17;Alyssa;16;Farah;17
Louison;17;Anas;17;Karim;17;Tony;17;Issa;17;Ousmane;16;Lou-Ann;17
Marianne;17;Mona;17;Laure;17;Naomi;17;Enora;17;Marilou;16;Vanessa;17
Audrey;17;Ivan;17;Leïla;17;Benoît;17;Ariel;17;Kim;16;Lydia;16
Leïla;17;Alya;17;Mahamadou;17;Maylis;17;Farah;17;Lena;16;Albane;16
Karim;17;Ema;17;Noham;17;Cléa;17;Florent;17;Christian;16;Lily;16
Axelle;17;Ferdinand;17;Oumou;17;Oriane;16;Yoann;17;Melissa;16;Elia;16
Loan;16;Bilal;17;Rebecca;17;Flore;16;Rita;17;Isaure;16;Brandon;16
Idriss;16;Enora;17;Rosalie;17;Julian;16;Aude;16;Angelina;16;Flavie;16
Johan;16;Louisa;17;Alessandro;16;Mia;16;Ewen;16;Gauthier;15;Owen;16
Souleymane;16;Paola;17;Amel;16;Maé;16;Amir;16;Aude;15;Prune;16
Morgane;16;Jessica;17;Ange;16;Dounia;16;Clovis;16;Ambroise;15;Lilian;16
Georges;16;Pia;17;Ashley;16;Michel;16;Mohammed;16;Mathurin;15;Aurélie;16
Dimitri;16;Youssouf;17;Bertille;16;Nathalie;16;Naomie;16;Jordan;15;Ferdinand;16
Yann;16;Marwa;17;Brune;16;Naomie;16;Thaïs;16;Idriss;15;Gustave;16
Philippe;16;Maïmouna;17;Coline;16;Mélina;16;Melchior;16;Cloé;15;Anton;16
Mohammed;16;Tiago;17;Colombe;16;Charline;16;Fanta;16;Clotilde;15;Manel;16
Candice;16;Oriane;16;Constantin;16;Christophe;16;Lara;16;Romy;15;Colin;16
Jérémie;16;Mahé;16;Dorian;16;Ibrahima;16;Artus;16;Mohammed;15;Joana;16
Ferdinand;16;Coline;16;Elisabeth;16;Marin;16;Laetitia;16;Nathalie;15;Marianne;16
Jonas;16;Coumba;16;Ernest;16;Dina;16;Luc;16;Clothilde;15;Pia;16
Jana;16;Philomène;16;Ewen;16;Karim;16;Nora;16;Nadia;15;Youssouf;16
Rania;16;Sana;16;Fanny;16;Tiago;16;Ilyas;16;Lassana;15;Lou-Anne;16
Marguerite;16;Irène;16;Léandre;16;Killian;16;Ana;16;Mona;15;Léane;16
Serena;16;Éléonore;16;Lino;16;Vanessa;16;Jason;16;Lucy;15;Fatou;16
Emy;16;Jérémie;16;Maé;16;James;16;Yaël;16;Enora;15;Fabien;16
Aloïs;16;Virgile;16;Philippe;16;Mickaël;15;Arthus;16;Kelly;15;Aude;15
Angelina;16;Tara;16;Raphael;16;Aude;15;Malik;16;Angélique;15;Fatima;15
Merlin;16;Ange;16;Sabrina;16;Fatima;15;Constantin;16;Aymen;15;Ilias;15
Ismael;16;Olivier;16;Salim;16;Amina;15;James;16;Bertille;15;Isabelle;15
Kenzo;15;Carla;16;Walid;16;Amira;15;Nathanaël;15;Cédric;15;Julian;15
Salim;15;Loane;16;Yannis;16;Bintou;15;Boubacar;15;Téo;15;Yannis;15
Laure;15;Bertille;16;Yousra;16;Ilona;15;Clélia;15;Anton;15;Yona;15
Malak;15;Raphael;16;Zacharie;16;Cassandre;15;Yannis;15;Mahamadou;15;Mia;15
Éléonore;15;Rania;16;Aïssata;15;Isabelle;15;Ethel;15;Chaïma;15;Vadim;15
Ernest;15;Marianne;16;Angélina;15;Marilou;15;Yona;15;Marianne;15;Niels;15
Marco;15;Emmanuelle;16;Auriane;15;Philippe;15;Méline;15;Adel;15;Mina;15
Amadou;15;Christian;16;Aymeric;15;Tatiana;15;Philomène;15;Merlin;15;Adélie;15
Elyas;15;Mariama;16;Cécile;15;Tara;15;Ivan;15;Yaël;15;Marilou;15
Dan;15;Emy;16;Cléo;15;Philippine;15;Cindy;15;Christine;15;Alan;15
Oumou;15;Angelina;16;Clovis;15;Elisabeth;15;Issam;15;Lilas;15;Balthazar;15
Aïssatou;15;Dina;16;Colette;15;Paola;15;Elyas;15;James;15;Elouan;15
Morgan;15;Emmy;15;Coumba;15;Rémy;15;Adama;15;Vanessa;15;Tatiana;15
Emmanuelle;15;Mickaël;15;Elliott;15;Anissa;15;Eléa;15;Coralie;14;Louisa;15
Pia;15;Lior;15;Emy;15;Ilyas;15;Maïssa;15;Oriane;14;Sam;15
Rita;15;Idriss;15;Fatima;15;Yannick;15;Amel;15;Dounia;14;Ange;15
Christian;15;Aliya;15;Ismael;15;Mariama;15;Patrick;15;Johan;14;Aïssatou;15
Alessandro;15;Anya;15;Issa;15;Kilian;15;Cléo;15;Maryam;14;Cléo;15
Cassandra;15;Charly;15;Kaïs;15;Cécilia;15;Oumou;15;Ewan;14;Tony;15
Astrid;15;Liora;15;Laetitia;15;Fatou;15;Naomi;15;Marwane;14;Melissa;15
Constantin;15;Anne;15;Lena;15;Lilas;15;Fatou;15;Alan;14;Toscane;15
Eric;15;Ernest;15;Lilian;15;Richard;14;Mickaël;14;Naomie;14;Binta;15
Ilyana;15;Thelma;15;Liv;15;Gauthier;14;Melvin;14;Bianca;14;Hawa;15
Amira;14;Jonas;15;Lydia;15;Mahé;14;Amira;14;Naël;14;Allan;15
Elijah;14;Khadija;15;Maëva;15;Talia;14;Julian;14;Nolan;14;Iman;15
Mélanie;14;Mael;15;Marceau;15;Sonia;14;Elia;14;Cindy;14;Elyes;15
Hana;14;Sam;15;Marin;15;Jordan;14;Georges;14;Elouan;14;Abdoulaye;15
Maé;14;Laetitia;15;Naomie;15;Zélie;14;Maryam;14;Candice;14;Marina;15
Gaëtan;14;Rafaël;15;Niels;15;Emeline;14;Alyssa;14;Claudia;14;Sandra;14
Cloé;14;Rym;15;Sébastien;15;Melchior;14;Philippe;14;Christophe;14;Jacques;14
Nell;14;Elijah;14;Shirel;15;Kamil;14;Andy;14;Lino;14;Melvin;14
Jenna;14;Amina;14;Sidonie;15;Catherine;14;Sidonie;14;Sam;14;Mateo;14
Mahaut;14;Shaï;14;Syrine;15;Joachim;14;Elina;14;Justin;14;Auriane;14
Ariane;14;Dounia;14;Téo;15;Théotime;14;Stéphane;14;Youssouf;14;Oumar;14
Luce;14;Mayeul;14;Tessa;15;Aymen;14;Tara;14;Farah;14;Mariame;14
Neil;14;Cassandre;14;Yaël;15;Moustapha;14;Tessa;14;Marwa;14;Annabelle;14
Cindy;14;Johan;14;Aboubacar;14;Marianne;14;Maïlys;14;Kilian;14;Cloé;14
Alya;14;Maé;14;Adel;14;Xavier;14;Catherine;14;Kadiatou;14;Alyssa;14
Ariel;14;Camélia;14;Alia;14;Florent;14;Lison;14;Younes;14;Kaïs;14
Lino;14;Julian;14;Aline;14;Maïmouna;14;Melissa;14;Emilien;14;Cyril;14
Mahamadou;14;Domitille;14;Cléa;14;Abdoulaye;14;Allan;14;Constantin;14;Ema;14
Aymeric;14;Viviane;14;Ela;14;Younes;14;Ornella;14;Elliot;13;Brice;14
Scarlett;14;Sidonie;14;Fanta;14;Ilhan;14;Younes;14;Shaï;13;Naël;14
Maeva;14;Owen;14;Grace;14;Yaël;14;Elyes;14;Fatima;13;Syrine;14
Rémy;14;Gaël;14;Hana;14;Angelina;14;Lukas;13;Loan;13;Oumou;14
Sandro;14;Ariane;14;Harry;14;Bryan;13;Mahé;13;Melvin;13;Natacha;14
Mariama;14;Iyed;14;Ilyas;14;Lucia;13;Naïla;13;Mahé;13;Mahamadou;14
Calixte;14;Elina;14;Jean-Baptiste;14;Ilias;13;Adrian;13;Georges;13;Tania;14
Léonore;14;Cécile;14;Killian;14;Yannis;13;Maxim;13;John;13;Evann;14
Jean-Baptiste;14;Maïlys;14;Lindsay;14;Livia;13;Johan;13;Ethel;13;Hannah;14
Yoann;14;Shana;14;Lou-Ann;14;Johan;13;Cheick;13;Adem;13;Abel;14
Tao;14;Nine;14;Maïmouna;14;Ethel;13;Farès;13;Souleymane;13;Ornella;14
Alexander;14;Mahamadou;14;Marina;14;Eline;13;Alan;13;Niels;13;Younes;14
Mateo;13;Tony;14;Maxim;14;Camélia;13;Ilana;13;Elina;13;Cécilia;14
Ilyès;13;Aymen;14;Melissa;14;Gaspar;13;Irène;13;Ivan;13;Paolo;14
Lydia;13;Malia;14;Michel;14;Bakary;13;Quitterie;13;Gabriela;13;Ewen;13
Norah;13;Katia;14;Mona;14;Noha;13;Matis;13;Charline;13;Sabrine;13
Sébastien;13;Sabrina;14;Ousmane;14;Méline;13;Laëtitia;13;Marco;13;Georges;13
Lea;13;Wassim;14;Philomène;14;Eléna;13;Louka;13;Joachim;13;Idriss;13
Sonia;13;Léonore;14;Adem;13;Léana;13;Christophe;13;Ariel;13;Adem;13
Domitille;13;Ilyas;14;Adrian;13;Arnaud;13;Marco;13;Matisse;13;Marcus;13
Marwan;13;Colin;14;Alan;13;Enora;13;Charline;13;Maeva;13;Zélie;13
Émilie;13;Adel;14;Albert;13;Hanna;13;Nine;13;Ayman;13;Anas;13
Lassana;13;Ornella;14;Alyssa;13;Ariel;13;Nawel;13;Amel;13;Emily;13
Ilana;13;Élise;14;Anastasia;13;Syrine;13;Aymen;13;Perrine;13;Mélina;13
Irène;13;Ismael;14;Anissa;13;Marceau;13;Théa;13;Gustave;13;Thibaud;13
Anastasia;13;Marina;14;Anne;13;Melvil;13;Loane;13;Eytan;13;Thelma;13
Andy;13;Nikola;14;Bilel;13;Angela;13;Yoan;13;Louison;13;Ariel;13
Maïlys;13;Elio;14;Camil;13;Justin;13;Xavier;13;Frédéric;13;Zakaria;13
Cécile;13;Malik;14;Carmen;13;Oumou;13;Imen;13;Delphine;13;Joachim;13
Wael;13;Fatima;13;Elyas;13;Téo;13;Marianne;13;Emmanuelle;13;Catherine;13
Elouan;13;Ilyès;13;Emilien;13;Mahamadou;13;Anissa;13;Aïssata;13;Pierre-Louis;13
Léana;13;Boubacar;13;Emmy;13;Nesrine;13;Lou-Ann;13;André;13;Angélique;13
Gabriela;13;Norah;13;Ethel;13;Théa;13;Leïla;13;Eyal;13;Bertille;13
Syrine;13;Naïla;13;Fiona;13;Alassane;13;Charlie;13;Allan;13;Amel;13
Abdallah;13;Lukas;13;Gabriela;13;Léonore;13;Kadiatou;13;Sylvain;13;Perrine;13
Ashley;13;Jordan;13;Gaston;13;Fiona;13;Lilya;13;Fabien;13;Nawel;13
Tania;13;Marwan;13;Ilias;13;Paolo;13;Loris;13;Giulia;13;Rémy;13
Nahel;13;Diana;13;Ilyan;13;Lylia;13;Christelle;12;Cécilia;13;Lison;13
Shirel;13;Gaston;13;Ilyès;13;Ugo;13;Lior;12;Paolo;13;Maéva;13
Kenny;13;Hanaé;13;Jad;13;Emilien;13;Léandre;12;Eugène;12;Maïmouna;13
Théa;13;Déborah;13;Joan;13;Axelle;13;Fatima;12;Léandre;12;André;13
Nesrine;13;Zachary;13;Joyce;13;Lilya;13;Jordan;12;Guilhem;12;Mariama;13
Ilyan;13;Farès;13;Keren;13;Lukas;12;Romy;12;Mahaut;12;Alban;13
Maylis;13;Aksel;13;Lia;13;Ambroise;12;Gaétan;12;Oumar;12;Tiago;13
Walid;13;Swan;13;Livia;13;Loan;12;Eulalie;12;Elia;12;Flore;12
Yannick;13;Darius;13;Lucille;13;Léandre;12;Mariame;12;Maé;12;Timothé;12
Maïmouna;13;Wael;13;Mael;13;Shaï;12;Idriss;12;Kahina;12;Vianney;12
Elyes;13;Estelle;13;Malik;13;Laurène;12;Hana;12;Adrian;12;Adrian;12
Loris;13;Lya;13;Marco;13;Ewen;12;Diana;12;Coumba;12;Miguel;12
Fatou;13;Elyas;13;Mariame;13;Nell;12;Aurèle;12;Méline;12;Johan;12
Ethel;12;Kelly;13;Marley;13;Mahaut;12;Bruno;12;Assa;12;Ousmane;12
Aylan;12;Arnaud;13;Marwa;13;Adem;12;Thibaut;12;Anas;12;Maryam;12
Niels;12;Gaïa;13;Marwan;13;Clotilde;12;Clarence;12;Andy;12;Joris;12
Mayeul;12;Tania;13;Matisse;13;Liora;12;Yohann;12;Éva;12;Philomène;12
Clovis;12;Noor;13;Mohamed-Amine;13;Sidonie;12;Aurélie;12;Lilian;12;Ilies;12
Mona;12;Amel;13;Naïm;13;Karl;12;Hermine;12;Léana;12;Lucille;12
Diana;12;Leïla;13;Nell;13;Neil;12;Éléonore;12;Ferdinand;12;Zachary;12
Mayssa;12;Ilyan;13;Olympe;13;Ewan;12;Balthazar;12;Swann;12;Viviane;12
Augustine;12;Jason;13;Oriane;13;Zachary;12;Bianca;12;Franck;12;Nada;12
Sidonie;12;Maud;13;Ornella;13;Linda;12;Paola;12;Vladimir;12;Hugues;12
Méline;12;Kilian;13;Paola;13;Maïlys;12;Sam;12;Youcef;12;Tara;12
Yohann;12;Liv;13;Tim;13;Ferdinand;12;Elisabeth;12;Loïs;12;Matis;12
Anne;12;James;13;Xavier;13;Matis;12;Pierre-Louis;12;Auguste;12;Barbara;12
Ema;12;Eyal;13;Yona;13;Olympe;12;Ombeline;12;Aïssatou;12;Amadou;12
Aurélie;12;Emna;12;Aloïs;12;Amadou;12;Cédric;12;Ombeline;12;Valentina;12
Estelle;12;Élisa;12;Anaelle;12;Fanta;12;Tania;12;Oumou;12;Marceau;12
Ivan;12;Gaëtan;12;Anas;12;Asma;12;Carmen;12;Natacha;12;Marco;12
Elina;12;Leyna;12;Arnaud;12;Thierry;12;Marwa;12;Rémy;12;Justin;12
Angèle;12;Livia;12;Arthus;12;Angel;12;Maylis;12;Robinson;12;Yoan;12
Khadija;12;Jad;12;Ben;12;Dan;12;Elya;12;Yoan;12;Aline;12
Eya;12;Philippe;12;Cameron;12;Amel;12;Fiona;12;Tania;12;Nora;12
Kévin;12;Naomie;12;Caroline;12;Tania;12;Delphine;12;Charlie;12;Ashley;12
Yousra;12;Michel;12;Christian;12;Jean-Baptiste;12;Ludovic;12;Lou-Ann;12;Téo;12
Vladimir;12;Éva;12;Christophe;12;Elya;12;Sabrina;12;Colombe;12;Grace;12
Christophe;12;Assa;12;Elina;12;Colombe;12;Lilas;12;Elio;12;Charlie;12
Mellina;12;Malak;12;Enora;12;Adélaïde;12;Cassandra;12;Ornella;12;Adel;12
Soren;12;Nolann;12;Franck;12;Allan;12;Alessandro;12;Alexander;12;Jason;12
Émile;12;Thibaud;12;Gaëtan;12;Marina;12;Merlin;12;Karim;12;Christian;12
Clarisse;12;Quitterie;12;Ivan;12;Merlin;12;Elio;12;Fatou;12;Maïwenn;12
Helena;12;Youcef;12;Karl;12;Lydia;11;Eyal;12;Lou-Anne;12;Eyal;12
Milla;12;Elisabeth;12;Khadija;12;Salim;11;Tao;12;Wandrille;11;Constantin;12
Yoan;12;Célestin;12;Léana;12;Brune;11;Steven;11;Lior;11;Antony;11
Benoît;12;Henry;12;Loïs;12;Soline;11;Rodrigue;11;Joyce;11;Ambroise;11
Leo;12;Ombeline;12;Ludovic;12;Idriss;11;Lucia;11;Mateo;11;Christelle;11
André;12;Shirel;12;Mickaël;12;Aksel;11;Kahina;11;Hana;11;Ophélie;11
Line;12;Aymeric;12;Noha;12;Nadia;11;Dounia;11;Kelyan;11;Gauthier;11
Ludivine;12;Nesrine;12;Omar;12;Lily-Rose;11;Marcus;11;Julian;11;Jad;11
Ilyas;12;Maeva;12;Owen;12;Gaston;11;Eline;11;Zélie;11;Nell;11
Malek;12;Mohamed-Amine;12;Pierre-Louis;12;Amy;11;Gaëtan;11;Solenn;11;Bintou;11
Talia;11;Kim;12;Sandro;12;Stéphane;11;Haya;11;Michel;11;Samba;11
Leonardo;11;Nawel;12;Sonia;12;Aboubacar;11;Mia;11;Héléna;11;Jordan;11
Mickaël;11;Ludivine;12;Thierry;12;Louka;11;Viviane;11;Hajar;11;Zacharie;11
Mahé;11;Fiona;12;Adriana;11;Lucy;11;Liora;11;Mélina;11;Marwan;11
Kahina;11;Line;12;Agnès;11;Angelo;11;Sana;11;Sabri;11;Gaston;11
Aliya;11;Sekou;12;Anaé;11;Anaé;11;Mélodie;11;Dana;11;Erwann;11
Annabelle;11;Anissa;12;Aurélie;11;Adama;11;Matéo;11;Idir;11;Farès;11
Fatma;11;Maéva;12;Calixte;11;Elyas;11;Filip;11;Quitterie;11;Ewan;11
Adrian;11;Colette;12;Castille;11;Vladimir;11;Lia;11;Olympe;11;Diana;11
Yannis;11;Alessandro;12;Cheick;11;Pierre-Louis;11;Kamil;11;Eloi;11;Liora;11
Marcus;11;Nolhan;12;Christine;11;Matisse;11;Franck;11;Elliott;11;Michel;11
Eline;11;Maëva;12;Dounia;11;Perrine;11;Elouan;11;Asma;11;Nadir;11
Clotilde;11;Iyad;12;Frédéric;11;Aline;11;Aboubacar;11;Pacôme;11;Thierry;11
Sadio;11;Iman;12;Georges;11;Lison;11;Thibaud;11;Cléo;11;Johanna;11
Jordan;11;Killian;12;Haby;11;Salimata;11;Eléna;11;Morgan;11;Keren;11
Vianney;11;Salim;11;Hiba;11;Ludovic;11;Anaé;11;Emilia;11;Yousra;11
Marcel;11;Gauthier;11;Issam;11;Noham;11;Ange;11;Marthe;11;Raphael;11
Lily-Rose;11;Denis;11;Jonas;11;Emmanuelle;11;Melvil;11;Samantha;11;Théa;11
Ousmane;11;Thalia;11;Lamine;11;Maïwenn;11;Chris;11;Andréas;11;Gaïa;11
Assa;11;Sandra;11;Liora;11;Malik;11;Grâce;11;Nawel;11;Milla;11
Elissa;11;Harry;11;Lou-Anne;11;Elio;11;Mahamadou;11;Tanguy;11;Noor;11
Clarence;11;Hana;11;Louka;11;Ornella;11;Moustapha;11;Ilyas;11;Brian;11
Marilou;11;Selyan;11;Lucy;11;Cameron;11;Macéo;11;Cléa;11;Loïs;11
Emir;11;Adem;11;Ludivine;11;Thalia;10;Félicie;11;Karine;11;Pascal;11
Marwane;11;Sébastien;11;Maéva;11;Elijah;10;Michaël;11;Elyes;11;Brieuc;11
Bakary;11;Mariame;11;Mahaut;11;Lior;10;Tanguy;11;Anouck;11;Kilian;11
Castille;11;Dalia;11;Malak;11;Ophélie;10;Kyllian;11;Tim;11;Gaëlle;11
Warren;11;Samba;11;Marianne;11;Christopher;10;Salimata;11;Adélaïde;11;Agnès;11
Olympe;11;Safa;11;Marilou;11;Jack;10;Colombe;11;Isis;10;Marwa;11
Tara;11;Adrian;11;Mayeul;11;Sébastien;10;Pia;11;Ilias;10;Frédéric;11
Ysée;11;Fares;11;Maylis;11;Miguel;10;Joana;11;Athénaïs;10;Merlin;11
Thibaud;11;Safia;11;Mellina;11;Eulalie;10;Adel;11;Brune;10;Elvire;11
Théophane;11;Bakary;11;Noor;11;Melvyn;10;Emmanuelle;11;Auriane;10;Laurine;11
Quitterie;11;Ewan;11;Ombeline;11;Assa;10;Yannick;11;Mina;10;Maëva;11
Stéphane;11;Gabriella;11;Rita;11;Sibylle;10;Aïssata;11;Rami;10;Yaël;11
Jibril;11;Émilie;11;Robinson;11;Warren;10;Calixte;11;Olga;10;Ilyès;10
Maelys;11;Kamil;11;Swan;11;Clarence;10;Wesley;11;Sadio;10;Richard;10
Pacôme;11;Marvin;11;Tania;11;Anastasia;10;Sean;11;Gaétan;10;Ronan;10
Angelo;11;Léana;11;Valentina;11;Émilie;10;Ben;11;Annabelle;10;Emmy;10
Youcef;11;Ysée;11;Wael;11;Djénéba;10;Frédéric;11;Gaëtan;10;John;10
Nine;11;Aboubacar;11;Yoann;11;Éva;10;Cécilia;11;Béatrice;10;Cheikh;10
Lazare;11;Aliyah;11;Abdallah;10;Marcel;10;Aloïs;11;Darius;10;Mathurin;10
Nikita;11;Lilian;11;Adélaïde;10;Thibaut;10;Matias;11;Sibylle;10;Olga;10
Giovanni;11;Kévin;11;Alba;10;Kaïs;10;Paolo;11;Émilie;10;Maé;10
Janna;11;Pacôme;11;Amalia;10;Lia;10;Maëva;11;Lucille;10;Assa;10
Tony;11;Abdallah;11;André;10;Ema;10;Marina;11;Déborah;10;Nathalie;10
Angela;11;Catherine;11;Angel;10;Mouhamed;10;Élise;11;Warren;10;Déborah;10
Ismaïl;11;Vladimir;11;Anouck;10;Thelma;10;Shaïna;10;Marvin;10;Marko;10
Cléo;11;Ismaïl;11;Ari;10;Cindy;10;Stanley;10;Eléna;10;Karl;10
Idris;11;Lison;11;Boubacar;10;Marco;10;Jessy;10;Hugues;10;Neil;10
Moustapha;11;Abigaël;11;Bruno;10;Angélina;10;Naïm;10;Thibaud;10;Clovis;10
Téo;11;Rita;11;Carl;10;Maelys;10;Brayan;10;Elisabeth;10;Laëtitia;10
Camila;11;Felix;11;Cindy;10;Sandro;10;Ronan;10;Angelo;10;Gloria;10
Sabrina;11;Jean-Baptiste;11;Clothilde;10;Natacha;10;Avril;10;Johanna;10;Alya;10
Chaïma;11;Florent;11;Colin;10;Mohamed-Amine;10;Ilias;10;Catherine;10;Anne;10
Agnès;11;Leo;11;Curtis;10;Robinson;10;Camélia;10;Louisa;10;Hajar;10
Kiara;11;Wesley;11;Darius;10;Félicie;10;Olga;10;Lara;10;Marvin;10
Elio;11;Cléa;11;Delphine;10;Ombeline;10;Zélie;10;Eléa;10;Alia;10
Arthus;11;Tina;11;Diana;10;Loïs;10;Rayen;10;Timéo;10;Paola;10
Nayla;11;Grace;11;Elouan;10;Youssouf;10;Auriane;10;Sira;10;Igor;10
Vanessa;11;Alexander;11;Emeline;10;Grace;10;Cloé;10;Bilel;10;Charline;10
Leny;11;Kadiatou;11;Emmanuelle;10;Ilyan;10;Fares;10;Brahim;10;Logan;10
Léane;11;Merlin;11;Enguerrand;10;Aïssata;10;Lucille;10;Aline;10;Ryad;10
Adriana;11;Aloïs;11;Eytan;10;Leo;10;Anas;10;Sekou;10;Bilel;10
Léopoldine;11;Michael;10;Fabien;10;Élise;10;Mayssa;10;Nelson;10;Kyllian;10
Gauthier;10;Joaquim;10;Fares;10;Colette;10;Assa;10;Serena;10;Arsène;10
Joyce;10;Loan;10;Fatou;10;Habib;10;Déborah;10;Agnès;10;Patrick;10
Emna;10;Fatimata;10;Gauthier;10;Emy;10;Meriem;10;Alone;10;Jennifer;10
Lior;10;Ilona;10;Gloria;10;Neïla;10;Boris;10;Geoffroy;10;Orlane;10
Liya;10;Cloé;10;Hajar;10;Kenzo;9;Danaé;10;Yoni;10;Delphine;10
Ziyad;10;Isabelle;10;Hanaé;10;Shaïna;9;Hillel;10;Joël;10;Leïla;10
Ranya;10;Yona;10;Henry;10;Naïm;9;Lucy;10;Tali;10;Grégory;10
Michael;10;Niels;10;Idriss;10;Rudy;9;Emily;10;Talia;9;Dany;10
Lucia;10;Cyril;10;Ilona;10;Steven;9;Rébecca;10;Amélia;9;Nadine;10
Liza;10;Adame;10;Jawad;10;Celia;9;Khadija;10;Nathanaël;9;Imen;10
Boubacar;10;Naëlle;10;Joana;10;Edwin;9;Lino;10;Dora;9;Inés;10
Malick;10;Elissa;10;Jordan;10;Joyce;9;Marceau;10;Lukas;9;Nikola;10
Maïssane;10;Méline;10;Justin;10;Gaëtan;9;Johanna;10;Boubacar;9;Matias;10
Guilhem;10;Mayssa;10;Kenzo;10;Yasmina;9;Youcef;10;Soraya;9;Kiara;10
Mathurin;10;Jude;10;Lauren;10;Niels;9;Jeremy;10;Hamed;9;Giulia;10
Yuna;10;Sibylle;10;Leonardo;10;Maïssane;9;Ismaïl;10;Eulalie;9;Irina;10
Coline;10;Ousmane;10;Léonore;10;Fares;9;Perrine;10;Yuna;9;Alexander;10
Oumar;10;Anastasia;10;Lison;10;Aliya;9;Nelson;10;Maxim;9;Sherine;10
Filip;10;Maryam;10;Loris;10;Guilhem;9;Karine;10;Samba;9;Liliane;10
Farès;10;Viktor;10;Maïlys;10;Jad;9;Cléa;10;Safa;9;Lilas;10
Gaston;10;Yassin;10;Maïwenn;10;Sanaa;9;Colin;10;Mayeul;9;Dina;10
Viviane;10;Lily-Rose;10;Marvin;10;Samba;9;Mariama;10;Aliya;9;Shaï;9
Darius;10;Louka;10;Mateo;10;Mariame;9;Kilian;10;Jad;9;Soraya;9
Tiphaine;10;Mouhamed;10;Merlin;10;Sybille;9;Lirone;10;Fleur;9;Stéphanie;9
Karl;10;Olympe;10;Morgan;10;Éric;9;Wissem;10;Gaston;9;Salim;9
Philomène;10;Bianca;10;Natacha;10;Hana;9;Iman;10;Aksel;9;Naïm;9
Meriem;10;Franck;10;Nesrine;10;Déborah;9;Nabil;10;Yassin;9;Coralie;9
Fleur;10;Melchior;10;Nicole;10;Coumba;9;Colette;10;Barnabé;9;Célian;9
Emily;10;Barbara;10;Nikita;10;Arié;9;Lou-Anne;10;Yvan;9;Roxanne;9
Nada;10;Yousra;10;Oumar;10;Cyril;9;Eglantine;10;Zachary;9;Romy;9
Hajar;10;Joey;10;Pia;10;Andy;9;Tali;10;Linda;9;Mahaut;9
Lia;10;Ryad;10;Prune;10;Filip;9;Laurent;10;Bakary;9;Djeneba;9
Albert;10;Adil;10;Sekou;10;Hermine;9;Denis;9;Sana;9;Gaétan;9
Shelly;10;Nahel;10;Solenn;10;Albert;9;Kenzo;9;Éléonore;9;Priscille;9
Soan;10;Jana;10;Stéphane;10;Swann;9;Michael;9;Laëtitia;9;Emeline;9
Aïda;10;Marthe;10;Théa;10;Wael;9;Elijah;9;Ema;9;Leslie;9
Maia;10;Morgan;10;Tiffany;10;Lya;9;Isis;9;Alya;9;Sibylle;9
Elliott;10;June;10;Tiphaine;10;Boris;9;Joyce;9;Tatiana;9;Maude;9
Anaé;10;Carmen;10;Vanessa;10;Emily;9;Talia;9;Lorraine;9;Mélodie;9
Milena;10;Alycia;10;Vladimir;10;Anne;9;Wandrille;9;Louka;9;Daouda;9
Issam;10;Benoît;10;Wendy;10;Elouan;9;Jad;9;Giovanni;9;Aurèle;9
Mael;10;Hubert;10;Yani;10;Ari;9;Jack;9;Siméon;9;Éléonore;9
Jaden;10;Elya;10;Yvan;10;Sira;9;Soline;9;Paola;9;Lia;9
Bilel;10;Riyad;10;Zahra;10;Youcef;9;Enguerrand;9;Elyas;9;Melchior;9
El;10;Aïssata;10;Aïdan;9;Célestin;9;Livia;9;Angel;9;Erin;9
Bertille;10;Hayden;10;Aksel;9;Lino;9;Maé;9;Yousra;9;Giovanni;9
Robinson;10;Cassandra;10;Alexander;9;Mael;9;Roxanne;9;Grâce;9;Lino;9
Imrane;10;Constantin;10;Alon;9;Henry;9;Nell;9;Abdallah;9;Makan;9
Loane;10;Gianni;10;Alya;9;Elliott;9;Nathalie;9;Ismaïl;9;Timéo;9
Abdoul;10;Khalil;10;Amy;9;Cléophée;9;Michel;9;Mohamed-Amine;9;Lauren;9
Amel;10;Leny;10;Andréas;9;Yousra;9;Darius;9;Milla;9;Chris;9
Nahil;10;Adélaïde;10;Annaëlle;9;Keren;9;Flavie;9;Lamine;9;Angelo;9
Malone;10;Nola;10;Asma;9;Andréas;9;Luce;9;Manuela;9;Matisse;9
Adil;10;Ludmila;10;Augustine;9;Cléo;9;Noha;9;Dany;9;Stefan;9
Jason;10;Melvin;9;Benoît;9;Satine;9;Fleur;9;Yannick;9;Ombeline;9
Inés;10;Mateo;9;Catherine;9;Fabio;9;Warren;9;Maéva;9;Michaël;9
Melina;10;Camilia;9;Charly;9;Bertille;9;Éva;9;Naïs;9;Samantha;9
Elya;10;Loubna;9;Chayma;9;Leïla;9;Emeline;9;Maylis;9;Robinson;9
Fiona;10;Eulalie;9;Claudia;9;Nelson;9;Ely;9;Jason;9;Tiffany;9
Youssouf;10;Félicité;9;Cloé;9;Lamine;9;Nadir;9;Orlane;9;Ayman;9
Colette;10;Jenna;9;Cyril;9;Serena;9;Marvin;9;Lilya;9;Kenny;9
Elodie;10;Clotilde;9;Daria;9;Delphine;9;Ian;9;Ugo;9;Angela;9
Lilly;10;Auriane;9;Déborah;9;Sean;9;Gloria;9;Selim;9;Bettina;9
Marina;10;Aylan;9;Domitille;9;Nikola;9;Sabri;9;Rahma;9;Salimata;9
Neïla;10;Mathurin;9;Eléna;9;Alexander;9;Olympe;9;Eglantine;9;Gautier;9
Michelle;9;Khadidja;9;Elissa;9;Loris;9;Siméon;9;Wissem;9;Moustapha;9
Amélia;9;Clélia;9;Elya;9;Soraya;8;Baudouin;9;Flavio;9;Janna;9
Ania;9;Waël;9;Emilia;9;Melvin;8;Thierry;9;Maïwenn;9;Maïssa;9
Naïla;9;Lindsay;9;Evann;9;Loubna;8;Célestin;9;Joaquim;8;Yannick;9
Soraya;9;Demba;9;Ewan;9;Coralie;8;Helena;9;Stéphanie;8;Yoann;9
Soline;9;Tiphaine;9;Eyal;9;Maxine;8;Kim;9;Emmy;8;Fiona;9
Lyes;9;Emeline;9;Feriel;9;Nael;8;Nesrine;9;Rudy;8;Chaïma;9
Isabelle;9;Nathalie;9;Guilhem;9;Myrtille;8;Jana;9;Zakarya;8;Rim;9
Ysé;9;Arié;9;Ian;9;Margo;8;Robinson;9;Lucia;8;Nelson;9
Mahdi;9;Noha;9;Ilhan;9;Nelly;8;Sérine;9;Ophélie;8;Eglantine;9
Gabriella;9;Clothilde;9;Ismaïl;9;Harry;8;Gaïa;9;Amira;8;Guillemette;9
Demba;9;Fleur;9;Janna;9;Adrian;8;Ashley;9;Matt;8;Arthus;9
Barnabé;9;Linda;9;Jason;9;Erika;8;Aïssatou;9;Bénédicte;8;Loris;9
Liora;9;Lohan;9;Jenna;9;Clélia;8;Ayman;9;Jawad;8;Tancrède;9
Annaëlle;9;Neil;9;Jessy;9;Armel;8;El;9;Gaspar;8;Yoni;9
Lya;9;Sékou;9;Joaquim;9;Yuna;8;Carine;9;Domitille;8;Léopoldine;9
Cyprien;9;Cyprien;9;John;9;Yani;8;Kady;9;Jack;8;Emilien;9
Dana;9;Adeline;9;Laurine;9;Maxim;8;Line;9;Aimée;8;Nabil;9
Amy;9;Jibril;9;Lazare;9;Rami;8;Youssouf;9;Dalia;8;Kadiatou;9
Thelma;9;Sabri;9;Lilas;9;Anaël;8;Alassane;9;Deborah;8;Steeve;9
Amalia;9;Matis;9;Lily-Rose;9;Malak;8;Gaëlle;9;Tiphaine;8;Léandre;8
Louka;9;Emily;9;Linoï;9;Yohann;8;Lamine;9;Klara;8;Dora;8
Ian;9;Elouan;9;Louane;9;Luce;8;Agnès;9;Kaïs;8;Sylvie;8
Eléna;9;Grâce;9;Lubin;9;Viviane;8;Abigaël;9;Marcel;8;Boubacar;8
Jalil;9;Eya;9;Lucia;9;Farès;8;Alpha;9;Emeline;8;Hana;8
Angélique;9;Younès;9;Macéo;9;Francesca;8;Kiara;9;Hanaé;8;Virginie;8
Joey;9;Keren;9;Maélys;9;Hanaé;8;Neïla;9;Farès;8;Yani;8
Yara;9;Anaé;9;Mahé;9;Augustine;8;Gianni;9;Brice;8;Gwendoline;8
Sienna;9;Sira;9;Mariama;9;Joris;8;Ismael;9;Kamil;8;Nelly;8
Ayman;9;Marco;9;Mayssa;9;Demba;8;Adélaïde;9;Nada;8;Soline;8
Carmen;9;Haby;9;Mélodie;9;Abdelkader;8;Tim;9;Albert;8;Maxim;8
Isra;9;Emmie;9;Milla;9;Darius;8;Nayla;9;Niouma;8;Cheick;8
June;9;Issam;9;Nada;9;Klara;8;Daphnée;8;Fatim;8;Christina;8
Keziah;9;Amadou;9;Nadia;9;Éléonore;8;Amin;8;Blandine;8;Sékou;8
Halima;9;Loïs;9;Nahil;9;Nathaniel;8;Richard;8;Hermine;8;Marwane;8
Ombeline;9;Milla;9;Naïla;9;Barbara;8;Laurène;8;Thierry;8;Émilie;8
Kyllian;9;Angela;9;Nawel;9;Liana;8;Germain;8;Lauren;8;Mayssa;8
Kim;9;Andreas;9;Nelson;9;Thibaud;8;Minh;8;Terence;8;Paulin;8
Amicie;9;Macéo;9;Norah;9;Elina;8;Liza;8;Angélina;8;Lucy;8
Manelle;9;Théa;9;Perrine;9;Aïda;8;Ilyès;8;Daria;8;Aboubacar;8
Xavier;9;Cléo;9;Sadio;9;Alya;8;Antony;8;Milena;8;Hermine;8
Ben;9;Marc-Antoine;9;Sana;9;Amani;8;Ranya;8;Ramy;8;Ernest;8
Lamine;9;Aline;9;Satine;9;Marvin;8;Emmy;8;Syrine;8;Amy;8
Joana;9;Yoan;9;Steven;9;Chirine;8;Gonzague;8;Célestin;8;Briac;8
Colin;9;Cédric;9;Tali;9;Khadija;8;Coralie;8;Keren;8;Angélina;8
Anissa;9;Robinson;9;Térence;9;Eya;8;Félicité;8;Raphael;8;Elliott;8
Riyad;9;Melina;9;Tidiane;9;Zahra;8;Willy;8;Patrick;8;Scott;8
Hiba;9;André;9;Viktor;9;Lubin;8;Aliya;8;Tamara;8;Anaé;8
Rahma;9;Melissa;9;Wesley;9;Joey;8;Isabelle;8;Félicie;8;Seydou;8
Nikola;9;Serena;9;Zineb;9;Artus;8;Safa;8;Ashley;8;Youcef;8
Goundo;9;Xavier;9;Abderrahmane;8;Curtis;8;Eli;8;Ben;8;Auguste;8
Ornella;9;Mya;9;Abigaël;8;Angélique;8;Mathurin;8;Constant;8;Félicie;8
Irina;9;Maylis;9;Aliya;8;Helena;8;Aglaé;8;Tina;8;Jana;8
Maïwenn;9;Ben;9;Aliyah;8;Aïssatou;8;Nelly;8;Alycia;8;Fabio;8
Zadig;9;Lahna;9;Alycia;8;Nawel;8;Lea;8;Ylan;8;Jérôme;8
Antony;8;Ugo;9;Amin;8;Cerise;8;Gaspar;8;Malek;8;Katia;8
Ilias;8;Magdalena;9;Anaël;8;Halima;8;Gabriella;8;Mariama;8;Ilyas;8
Izia;8;Ilhan;9;Annabelle;8;Kim;8;Marcel;8;Gaëlle;8;Léonore;8
Fatimata;8;Nayla;9;Antony;8;Marthe;8;Yvan;8;Divine;8;Line;8
Thalia;8;Lilya;9;Aristide;8;Morgan;8;Kaïs;8;Fiona;8;Malek;8
Denis;8;Paolo;9;Assa;8;Maeva;8;Solenn;8;Gianni;8;Ylan;8
Jayson;8;Cameron;9;Athénaïs;8;Janna;8;Clothilde;8;Arthus;8;Leo;8
Yani;8;Lilly;9;Baya;8;Ashley;8;Malak;8;Irina;8;Johann;8
Selyan;8;Aydan;8;Binta;8;Célina;8;Sibylle;8;Nikola;8;Karine;8
Waël;8;Isis;8;Brieuc;8;Kyllian;8;Charlène;8;Adriana;8;Aïssata;8
Matthias;8;Lucia;8;Camélia;8;Dario;8;Linda;8;Matias;8;Eloane;8
Nizar;8;Daphnée;8;Célestin;8;Toscane;8;Barnabé;8;Aloïs;8;Adriana;8
Shanna;8;Mody;8;Clarence;8;Melina;8;Francesca;8;Maëva;8;Jarod;8
Fares;8;Wandrille;8;Coralie;8;Mahault;8;Sebastian;8;Kiara;8;Rahma;8
Safa;8;Soraya;8;Eddy;8;Yoann;8;Viktor;8;Kenzo;7;Joël;8
Clélia;8;Célian;8;Éléa;8;Inés;8;Laszlo;8;Zineb;7;Élise;8
Haya;8;Sohan;8;Elio;8;Katia;8;Thelma;8;Ronan;7;Rudy;7
Josué;8;Maxine;8;Elyssa;8;Line;8;Adeline;8;Jonah;7;Christopher;7
Tasnim;8;Amélia;8;Émile;8;Dany;8;Aïda;8;Christelle;7;Norah;7
Ilona;8;Leonardo;8;Felix;8;Imène;8;Lancelot;8;Daphnée;7;Rodrigue;7
Youri;8;Guilhem;8;Florent;8;Wesley;8;Nada;8;Jenny;7;Elijah;7
Enguerrand;8;Lyes;8;Gaïa;8;Calixte;8;Kamila;8;Christopher;7;Lior;7
Hafsa;8;Nizar;8;Giovanni;8;Arthus;8;Imene;8;Ranya;7;Sohane;7
Joanna;8;Jack;8;Helena;8;Lilly;8;Ema;8;Rodrigue;7;Naïla;7
Arielle;8;Yani;8;Hind;8;Dominique;8;Idrissa;8;Pierre-Antoine;7;Appoline;7
Marko;8;Kahina;8;Idris;8;Flavio;8;Barbara;8;Ewen;7;Pierre-Antoine;7
Naëlle;8;Béatrice;8;Imad;8;Fabien;8;Asma;8;Oren;7;Loan;7
Clothilde;8;Elian;8;Jennifer;8;Eglantine;8;Louisa;8;Alba;7;Ania;7
Lucille;8;Joris;8;Jérémie;8;Eyal;8;Matisse;8;Massinissa;7;Lucia;7
Safia;8;Lucille;8;Jeremy;8;Nola;8;Doriane;8;Livia;7;Eugène;7
Linda;8;Arielle;8;Jérôme;8;Gianni;8;Ondine;8;Melvyn;7;Anya;7
Penda;8;Yohann;8;Joris;8;Laurine;8;Philéas;8;Nell;7;Malick;7
Noha;8;Aaliyah;8;Kiara;8;Fantine;8;Keren;8;Shanna;7;Enguerrand;7
Thibaut;8;Annaëlle;8;Kim;8;Christine;8;Maelys;8;Erika;7;Ethel;7
Iyed;8;Mahdi;8;Kyllian;8;Lou-Anne;8;Badis;8;Stan;7;Mayeul;7
Kamil;8;Maélys;8;Laurent;8;Tidiane;8;Giovanni;8;Flavien;7;Skander;7
Marouane;8;Abdou;8;Leandro;8;Amin;7;Yousra;8;Yohann;7;Chaï;7
Rébecca;8;Claudia;8;Léni;8;Hamed;7;Mohamed-Amine;8;Diana;7;Yuna;7
Lucy;8;Eléna;8;Léo-Paul;8;Athénaïs;7;Rémy;8;Daouda;7;Nizar;7
Aliyah;8;Dana;8;Liliana;8;Norah;7;Eytan;8;Mathilda;7;Fabrice;7
Lancelot;8;Hermine;8;Luce;8;Linoï;7;Justin;8;Élodie;7;Eline;7
Tomas;8;Gloria;8;Matys;8;Marylou;7;Angela;8;Ilana;7;Nicole;7
Catherine;8;Hajar;8;Maureen;8;Daphnée;7;Sandro;8;Jude;7;Paul-Antoine;7
Chahine;8;Albert;8;Melina;8;Amélia;7;Téo;8;Barthélémy;7;Eulalie;7
Curtis;8;Nélia;8;Mouhamed;8;Mateo;7;Bettina;8;Neil;7;Fares;7
Siméon;8;Elliott;8;Natalia;8;Alfred;7;Natacha;8;Clarence;7;Guilhem;7
Pierre-Louis;8;Chris;8;Nathalie;8;Shanice;7;Ryad;8;Marko;7;Sana;7
Maëly;8;Marjane;8;Nathaniel;8;Sadio;7;Nil;8;Nawal;7;Lassana;7
Lubin;8;Angélique;8;Riyad;8;Jenna;7;Mahault;8;Noha;7;Manal;7
Théotime;8;Yara;8;Ryad;8;Kelyan;7;Angie;8;Christina;7;Samir;7
Cléophée;8;Pierre-Louis;8;Safia;8;Béatrice;7;Élias;8;Ladji;7;Estéban;7
Saul;8;Christophe;8;Samba;8;Jawad;7;Grace;8;Bruno;7;Nadia;7
Matisse;8;Lazare;8;Sékou;8;Annabelle;7;André;8;Néné;7;Yohann;7
Alistair;8;Célestine;8;Shanna;8;Kyle;7;Brieuc;8;Mélody;7;Darius;7
Evann;8;Akram;8;Siméon;8;Janelle;7;Orlane;8;Matys;7;Noha;7
Fabio;8;Zahra;8;Soraya;8;Vianney;7;Constant;8;Théophane;7;Maëlie;7
Aloys;8;Matisse;8;Tasnim;8;Domitille;7;Cameron;8;Melchior;7;Yaron;7
Justin;8;Janna;8;Thalia;8;Nicole;7;Habib;8;Yaya;7;Lauriane;7
Sérine;8;Helena;8;Vianney;8;Olga;7;Flavio;8;Rébecca;7;Chirine;7
Tiffany;8;El;8;Waël;8;Héléna;7;Shany;8;Marouane;7;Bianca;7
Mohamed-Amine;8;Avi;8;Yoni;8;Daouda;7;Iliana;8;Ian;7;Boris;7
Divine;8;Keziah;8;Youcef;8;Sékou;7;Lilly;8;Stéphane;7;Ari;7
Israël;8;Mai;8;Younès;8;Serge;7;Emilien;8;Boris;7;Camil;7
Florent;8;Bilel;8;Zachary;8;Yvan;7;Carlotta;8;Aboubakar;7;Tessa;7
Milhan;8;Félicie;8;Zadig;8;Ysé;7;Ugo;8;Thelma;7;Hakim;7
Nadine;8;Aïssatou;8;Abdoul;7;Adame;7;Christine;8;Hélios;7;Cyrielle;7
Nelson;8;Aloys;8;Adja;7;Emilio;7;Pierre-Antoine;7;Natalia;7;Yaya;7
Maud;8;Yannick;8;Alassane;7;Maëlis;7;Loan;7;Ambrine;7;Cindy;7
Jimmy;8;Joana;8;Aly;7;Charly;7;Bénédicte;7;Lévana;7;Sabri;7
Abigaël;8;Solveig;8;Amadou;7;Floriane;7;Salim;7;Amadou;7;Kadidia;7
Delphine;8;Angie;8;Amanda;7;Lohan;7;Dora;7;Santiago;7;Lazare;7
Noélie;8;Dany;8;Ambrine;7;Saskia;7;Ketsia;7;Hicham;7;Melvil;7
Adélaïde;8;Manelle;8;Andrew;7;Marko;7;Adriano;7;Abdel;7;Eddy;7
Haroun;8;Divine;8;Anne-Sophie;7;Sana;7;Celia;7;Haby;7;Asma;7
Tali;8;Malek;8;Arda;7;Philomène;7;Thalia;7;Célestine;7;Louane;7
Maëva;8;Lamine;8;Aylan;7;Samia;7;Shaï;7;Issam;7;Cléophée;7
Kadiatou;8;Mahault;8;Badis;7;Cyrus;7;Jawad;7;Helena;7;Moïse;7
Cameron;8;Agnès;8;Brahim;7;Mélodie;7;Melvyn;7;Isra;7;Nine;7
Matias;8;Jimmy;8;Camila;7;Owen;7;Karolina;7;Fabio;7;Siméon;7
Eglantine;8;Yoann;8;Célina;7;Aliyah;7;Samba;7;Malia;7;Teddy;7
Allan;8;Leonor;8;Eliel;7;Shawn;7;Ilona;7;Macéo;7;Abdallah;7
Lilas;8;Tao;8;Eliette;7;Paulin;7;Alexane;7;Tobias;7;Anaelle;7
Élise;8;Tancrède;8;Elif;7;Amalia;7;John;7;Séléna;7;Marthe;7
Paolo;8;Cécilia;8;Elijah;7;Hugues;7;Rohan;7;Émile;7;Corto;7
Tidiane;8;Mendel;8;Elly;7;Cynthia;7;Malick;7;Rivka;7;Rafaël;7
Christelle;7;Ilyana;8;Élodie;7;Gloria;7;Léo-Paul;7;Shaïma;7;Marc-Antoine;7
Amin;7;Damian;8;Elona;7;Yacouba;7;Vianney;7;Moustapha;7;Mohamed-Amine;7
Joaquim;7;Nabil;8;Ema;7;Sienna;7;Sidney;7;Aubin;7;Brahim;7
Oriane;7;Aliou;8;Emily;7;Chris;7;Brune;7;Liv;7;Avi;7
Daphnée;7;Steven;7;Éva;7;Johanna;7;Alfred;7;Line;7;Mohamed-Ali;7
Steven;7;Nelya;7;Eya;7;Baudouin;7;Mayeul;7;Alyssia;7;Carmen;7
Athénaïs;7;Carl;7;Filip;7;Aristide;7;Harry;7;Jennifer;7;Kamel;7
Shaï;7;Iban;7;Hayden;7;Issam;7;Zachary;7;Imen;7;Aymen;7
Sandra;7;Avril;7;Hermine;7;Siméon;7;Alina;7;Pia;7;Paula;7
Célian;7;Jessy;7;Hicham;7;Milena;7;Neil;7;Yoann;7;Eytan;7
Joy;7;Talia;7;Ilana;7;Ryad;7;Marwane;7;Joana;7;Saïd;7
Shaïna;7;Noura;7;Iman;7;Bastian;7;Réda;7;Leïla;7;Aubin;7
Marylou;7;Dahlia;7;Inês;7;Louann;7;Bakary;7;Flavia;7;Loane;7
Christ;7;Christopher;7;Jacob;7;Kenny;7;Adélie;7;Sean;7;Alec;7
Anya;7;Aude;7;Jan;7;Jérôme;7;Gaston;7;Toscane;7;Jean-Marc;7
Gaspar;7;Michelle;7;Johanna;7;Eytan;7;Coumba;7;Alec;7;Elona;7
Nicole;7;Richard;7;Khalil;7;Bilel;7;Hanaé;7;Léonore;7;Ben;7
Harry;7;Shaïna;7;Kilian;7;Saïd;7;Christina;7;Mahault;7;Serena;7
Anael;7;Yossef;7;Kyle;7;Tiffany;7;Prisca;7;Jimmy;7;Angelina;7
Luisa;7;Alfred;7;Lahna;7;Isidore;7;Ysée;7;Ilhan;7;James;7
Jihane;7;Annabelle;7;Lancelot;7;Carmen;7;Yasin;7;Jarod;7;Flavio;7
Cyrine;7;Cyrine;7;Leny;7;Gaïa;7;Katell;7;Wendy;7;Malik;7
Yasmina;7;Elly;7;Lilya;7;Jason;7;Mélody;7;Dominique;7;Gianni;7
John;7;Alexane;7;Linda;7;Colin;7;Yaya;7;Goundo;7;Wilson;7
Éric;7;Junon;7;Line;7;Ben;7;Merwan;7;Léopoldine;7;Geoffrey;7
Prince;7;Nell;7;Lior;7;Lou-Ann;7;Alya;7;Khalil;7;Lylia;7
Samba;7;Tracy;7;Liz;7;Lahna;7;Cynthia;7;Luis;7;Léni;7
Yona;7;Marcus;7;Loan;7;Naïs;7;Albert;7;Iman;7;Aurélia;7
Oren;7;Ethel;7;Luis;7;Binta;7;Amy;7;Joan;7;Brayan;6
Nelly;7;Elyssa;7;Lyne;7;Liv;7;Swann;7;Loris;7;Nael;6
Cheikh;7;Flavien;7;Lynn;7;Riyad;7;Lauriane;7;Noélie;7;Loubna;6
Adélie;7;Ysé;7;Mahault;7;Camila;7;Gabriela;7;Norah;6;Wandrille;6
Mélia;7;Archibald;7;Mahmoud;7;Ela;7;Patricia;7;Meïssa;6;Germain;6
Bruno;7;Zakariya;7;Manelle;7;Aurélia;7;Tatiana;7;Carl;6;Chanel;6
Sephora;7;Ilana;7;Marcel;7;Adriana;7;Vladimir;7;Robert;6;Yanni;6
Aaliyah;7;Ladji;7;Marie-Lou;7;Nabil;7;Angélina;7;Myrtille;6;Liza;6
Arié;7;Emir;7;Marthe;7;Iman;7;Milena;7;Salim;6;Iban;6
Zachary;7;Christina;7;Marylou;7;Hassan;7;Angélique;7;Valérie;6;Athéna;6
Emeline;7;Solenn;7;Matis;7;Zadig;7;Célestine;7;Célian;6;Mahé;6
Karamba;7;Alyssa;7;Matt;7;Nazim;7;Rokia;7;Jessy;6;Amélia;6
Maÿlis;7;Clarence;7;Meïssa;7;Alpha;7;Soren;7;Celia;6;Mory;6
Ramata;7;Emilio;7;Meriem;7;Shany;7;Henry;7;Antony;6;Carl;6
Philémon;7;Samia;7;Milena;7;Rahma;7;Marthe;7;Francis;6;Safa;6
Caroline;7;Ahmad;7;Moustapha;7;Laurent;7;Émile;7;Germain;6;Alexane;6
Nélia;7;Adélie;7;Naïl;7;Wendy;7;Gary;7;Youri;6;Harold;6
Hillel;7;Ada;7;Nelly;7;Elvire;7;Bilel;7;Karla;6;Calvin;6
Lazar;7;Emil;7;Nikola;7;Tancrède;7;Loïs;7;Éléa;6;Gad;6
Abdou;7;Camil;7;Nil;7;Ruth;7;Logan;7;Lynn;6;Harry;6
Erin;7;Laëtitia;7;Nizar;7;Joël;7;Saïd;7;Harold;6;Brune;6
Aboubakar;7;Stéphane;7;Orlane;7;Zineb;6;Tiffany;7;Jenna;6;Guy;6
Lamia;7;Nadir;7;Paolo;7;Fatouma;6;Scarlett;7;Josué;6;Rami;6
Jane;7;Amalia;7;Paris;7;Leïna;6;Emilia;7;Nicole;6;Yossef;6
Cyrille;7;Loup;7;Paula;7;Christelle;6;Bertille;7;Armance;6;Sadio;6
Loup;7;Solange;7;Priscille;7;Eugène;6;Odélia;7;Lyes;6;Jawad;6
Riad;7;Aleksandar;7;Rahma;7;Ania;6;Paula;7;Aymane;6;Oren;6
Younès;7;Ian;7;Rémy;7;Rodrigue;6;Morgan;7;Vianney;6;Aymane;6
Luke;7;Nada;7;Rokia;7;Isis;6;Katia;7;Marcus;6;Sebastian;6
Siloé;7;Jane;7;Safa;7;Joaquim;6;Tina;7;Enguerrand;6;Viktor;6
Arnaud;7;Aboubakar;7;Saïd;7;Avril;6;Malek;7;Calista;6;Oussama;6
Enola;7;Nathaniel;7;Shaï;7;Carl;6;Juliana;7;Karen;6;Betty;6
Célestine;7;Marouane;7;Shanice;7;Michelle;6;Divine;7;Mélia;6;Méline;6
Haïm;7;Lauren;7;Sharon;7;Jenny;6;Daniela;7;Djénéba;6;Ilyass;6
Ellie;7;Natalia;7;Soline;7;Ranya;6;Manelle;7;Demba;6;Alissa;6
Andreas;7;Seydou;7;Tal;7;Valérie;6;Amicie;7;Malcolm;6;Warren;6
Luz;7;Mayane;7;Talia;7;John;6;Alizée;7;Mélodie;6;Solenn;6
Perrine;7;Lylou;7;Thibaud;7;Loïse;6;Noham;7;Lily-Rose;6;Djénéba;6
Paula;7;Saul;7;Tia;7;Enguerrand;6;Melina;7;Viktor;6;Abdellah;6
Matilda;7;Shérine;7;Tobias;7;Elyssa;6;Jimmy;7;Flavie;6;Clothilde;6
Loïs;7;Reda;7;Toscane;7;Mayeul;6;Aviel;7;Oussama;6;Anaël;6
Macéo;7;Sienna;7;Valentino;7;Priscille;6;Arno;7;Ysé;6;Luce;6
Rosa;7;Jan;7;Viviane;7;Khadidja;6;Mike;7;Adame;6;Charlène;6
Moïra;7;Alexy;7;Warren;7;Willy;6;Dominique;7;Abdelkader;6;Gabriella;6
Elyès;7;Rokia;7;Wiktoria;7;Kahina;6;Emy;7;Philomène;6;Patricia;6
Éloïse;7;Ambrine;7;Youri;7;Dune;6;Nikola;7;Cheick;6;Manuel;6
Avital;7;Johanna;7;Ysé;7;Yoav;6;Irina;7;Malak;6;Ian;6
Alassane;7;Angelo;7;Ysée;7;Malick;6;Taïna;7;Floriane;6;Khadija;6
Orlane;7;Maelle;7;Zakarya;7;Aylan;6;Joël;7;Lindsay;6;Dana;6
Sekou;7;Maelys;7;Abigail;6;Sidney;6;Wendy;7;Joris;6;Louka;6
Dany;7;Aristide;7;Aglaé;6;Anita;6;Aurélia;7;Lalie;6;Léana;6
Neyla;7;Moustapha;7;Alone;6;Roxanne;6;Ludmila;7;Khadija;6;Albert;6
Grace;7;Marwen;7;Aloys;6;Josué;6;Tidiane;7;Florentin;6;Aboubakar;6
Moustafa;7;Emilia;7;Andrei;6;Lucille;6;Nouha;7;Eythan;6;Niouma;6
Lahna;7;Isidore;7;Andy;6;Mayssa;6;Léopoldine;7;Lauryn;6;Eléna;6
Alycia;7;Hind;7;Angela;6;Viktor;6;Joe;6;Cynthia;6;Adeline;6
Jarod;7;Patrick;7;Ania;6;Barnabé;6;Sandra;6;Erine;6;Olympe;6
Fantine;7;Louann;7;Anselme;6;Ilana;6;Soraya;6;Lancelot;6;Aris;6
Iyad;7;Sean;7;Antonio;6;Barthélémy;6;Célian;6;Aurel;6;Henry;6
Laurent;7;Ludovic;7;Arto;6;Ilies;6;Amélia;6;Mouhamed;6;Reda;6
Paris;7;Elizabeth;7;Arwen;6;Deborah;6;Annabelle;6;Alixe;6;Nikita;6
Nabil;7;Binta;7;Aubin;6;Alissa;6;Harold;6;Imene;6;Doriane;6
Liliane;7;Kady;7;Aude;6;Lindsay;6;Jenna;6;Tessa;6;Ramy;6
Perla;7;Assil;7;Ayman;6;Naëlle;6;Calvin;6;Reda;6;Grâce;6
Eyal;7;Imène;7;Béryl;6;Emil;6;Josué;6;Johnny;6;Chelsea;6
Eloane;7;Paco;7;Boris;6;Mathilda;6;Armance;6;Eddy;6;Filipe;6
Emilien;7;Loris;7;Brayan;6;Tiphaine;6;Shaïly;6;Antonia;6;Younès;6
Maëline;7;Eglantine;7;Célestine;6;Kyliann;6;Chayma;6;Shayna;6;Térence;6
Lou-Anne;7;Laurent;7;Célian;6;Erine;6;Aimée;6;Louane;6;Joey;6
Aurélia;7;Rahma;7;Chahinez;6;Maélys;6;Néo;6;Teddy;6;Daria;6
Nolhan;7;Kiara;7;Charlène;6;Aby;6;Nicole;6;Matthis;6;Vladimir;6
Preston;7;Goundo;7;Christelle;6;Jibril;6;Alba;6;Anaé;6;Natalia;6
Christine;7;Kadidiatou;7;Clélia;6;Laëtitia;6;Tasnim;6;Giulio;6;Perle;6
Tim;7;Maïwenn;7;Constant;6;Jane;6;Flavien;6;Doriane;6;Satine;6
Amelia;7;Kenzi;7;Cyrielle;6;Dana;6;Elyssa;6;Nine;6;Morgan;6
Lylia;7;Tim;7;Dana;6;Nadir;6;Nadia;6;Sienna;6;Sharon;6
Melvin;6;Lou-Anne;7;Dany;6;Claudia;6;Adame;6;Melvil;6;Benoit;6
Maxine;6;Adriana;7;Djeneba;6;Rébecca;6;Marko;6;Mael;6;Boubou;6
Sohan;6;Aurélia;7;Djénéba;6;Franck;6;Maÿlis;6;Térence;6;Naya;6
Haron;6;Emilien;7;Eli;6;Madina;6;Joris;6;Jeremy;6;Odélia;6
Rodrigue;6;Ilyess;7;Eliahou;6;Mamoudou;6;Emilio;6;Yves;6;Florence;6
Christopher;6;Liya;6;Élisa;6;Philémon;6;Lindsay;6;Henry;6;Halima;6
Dahlia;6;Eliana;6;Éloïse;6;Julianne;6;Ewan;6;Valentina;6;Adil;6
Kassim;6;Aksil;6;Émilie;6;Natalia;6;Floriane;6;Anaelle;6;Idris;6
Meïssa;6;Rodrigue;6;Emilio;6;Soren;6;Maëlie;6;Yacouba;6;Nesrine;6
Léandro;6;Alphonse;6;Emna;6;Shani;6;Malcolm;6;Philéas;6;Camelia;6
Zakarya;6;Taïs;6;Eugène;6;Nikita;6;Aksel;6;Célina;6;Bahia;6
Coralie;6;Ania;6;Eurydice;6;Lévana;6;Erwann;6;Houda;6;Lamine;6
Élie;6;Zakarya;6;Ève;6;Nine;6;Deborah;6;Coraline;6;Abigaël;6
Carl;6;Jayson;6;Fabio;6;Badis;6;Naëlle;6;Camelia;6;Wilfried;6
Isis;6;Coralie;6;Flavie;6;Énora;6;Anaël;6;Satine;6;Amara;6
Gwendoline;6;Eugène;6;Floriane;6;Anselme;6;Abdou;6;Alysson;6;Imène;6
Miguel;6;Zineb;6;Gabriella;6;Jaden;6;Souleyman;6;Tiffany;6;Latifa;6
Soumaya;6;Yannis;6;Gaëlle;6;Yara;6;Hugues;6;Noor;6;Elya;6
Elyssa;6;Nicole;6;Gaétan;6;Younès;6;Madina;6;Evann;6;Solveig;6
Baya;6;Éléa;6;Grâce;6;Kelvin;6;Loula;6;Nesrine;6;Lirone;6
Aimée;6;Kelyan;6;Guillemette;6;Mickael;6;Mouhamed;6;Odélia;6;Paco;6
Dune;6;Shaïly;6;Hedi;6;Otto;6;Erin;6;Loane;6;Nayla;6
Élisa;6;Lilie;6;Hubert;6;Evann;6;Tommy;6;Marc-Antoine;6;Sylvia;6
Priscille;6;Nelly;6;Josh;6;Emilia;6;Aboubakar;6;Jacob;6;Hasna;6
Maxim;6;Youmna;6;Joy;6;Naya;6;Loup;6;Pascal;6;Hélèna;6
Leyna;6;Maïssane;6;Kaïna;6;Milla;6;Étienne;6;Eurydice;6;Colette;6
Eulalie;6;Melvyn;6;Kathleen;6;Andreas;6;Lorena;6;Halima;6;Eliane;6
Eli;6;Oren;6;Katia;6;Cyrian;6;Hicham;6;Salimata;6;Cyriaque;6
Yoav;6;Thérèse;6;Kayliah;6;Loane;6;Jalil;6;Marie-Lou;6;Emy;6
Lilie;6;Luce;6;Kays;6;Eleanor;6;Chahine;6;Manelle;6;Virgil;6
Gaétan;6;Hedi;6;Kenzy;6;Pascal;6;Enola;6;Hiba;6;Khady;6
Stan;6;Aïssa;6;Kilyan;6;Jacob;6;Alia;6;Paco;6;Elio;6
Elior;6;Maëlie;6;Lamia;6;Patrick;6;Marjane;6;Blaise;6;Tao;6
Rami;6;Yvan;6;Lea;6;Shaïma;6;Sira;6;Foucauld;6;Khalil;6
Héléna;6;Flavie;6;Leelou;6;Aly;6;Angel;6;Ricardo;6;Kadidiatou;6
Viktor;6;Klara;6;Lehna;6;Éloïse;6;Younès;6;Hubert;6;Sylvain;6
Éva;6;Tal;6;Leo;6;Manelle;6;Alexy;6;Brieuc;6;Wendy;6
Archibald;6;Marwane;6;Léopoldine;6;Chahinez;6;Kacper;6;Nil;6;Tim;6
Nolann;6;Aron;6;Lilly;6;Pia;6;Amadou;6;Calixte;6;Josh;6
Alan;6;Erwann;6;Mady;6;Tina;6;Abdallah;6;Kady;6;;
Mathilda;6;Nadia;6;Maïssane;6;Manar;6;Elliott;6;Inés;6;;
Lohan;6;Marilou;6;Malek;6;Manuela;6;Moïse;6;Mario;6;;
Samir;6;Idan;6;Manuela;6;Elora;6;Pol;6;Natasha;6;;
Cheick;6;Muhammad;6;Mario;6;Marie-Lou;6;Yves;6;Riyad;6;;
Yassin;6;Steve;6;Marnie;6;Emi;6;Shérine;6;Hédi;6;;
Lindsay;6;Cindy;6;Marwane;6;Hayden;6;Cléophée;6;Rim;6;;
Djénéba;6;Liana;6;Mateja;6;Neyla;6;Matthéo;6;Iseult;6;;
Coumba;6;Tommy;6;Mathilda;6;Amara;6;Naya;6;Amara;6;;
Cassiopée;6;Fatim;6;Maxine;6;Divine;6;Noor;6;Amicie;6;;
Adame;6;Modibo;6;May;6;Rosa;6;Kenny;6;Maayane;6;;
Safiya;6;Savannah;6;Menahem;6;Lounis;6;Satine;6;Lylia;6;;
Léanne;6;Blandine;6;Meryem;6;Zina;6;Abdoul;6;Malik;6;;
Hedi;6;Lancelot;6;Mika;6;Tali;6;Houda;6;Geoffrey;6;;
Mélodie;6;Gabriela;6;Nabil;6;Ismael;6;Gautier;6;Élise;6;;
Dali;6;Rawane;6;Naya;6;May;6;Joëlle;6;Séphora;6;;
Cyrielle;6;Alixe;6;Neela;6;Noélie;6;Harouna;6;Matthew;6;;
Cynthia;6;Aïda;6;Philémon;6;Roy;6;Tamara;6;Dilan;6;;
Ely;6;Hugues;6;Pierre-Alexandre;6;Amelia;6;Florence;6;Anne-Laure;6;;
Fatim;6;Imene;6;Prisca;6;Eliza;6;June;6;Lili-Rose;6;;
Adeline;6;Menahem;6;Richard;6;Kiara;6;Corto;6;Aurélia;6;;
Mélinda;6;Sélène;6;Rodrigue;6;Luis;6;Milla;6;Tidiane;6;;
Idrissa;6;Shayna;6;Sabrine;6;Sylvain;6;Jérôme;6;Alpha;6;;
Gloria;6;Siméon;6;Salimata;6;Perla;6;Aline;6;;;;
Claudia;6;Anaelle;6;Samir;6;Shanon;6;Luigi;6;;;;
Blandine;6;Santiago;6;Sebastian;6;Tim;6;Maéva;6;;;;
Danaé;6;Thierry;6;Seydou;6;Kadiatou;6;Naïma;6;;;;
Taha;6;Ondine;6;Shaïna;6;Selim;6;Kaïna;6;;;;
Melchior;6;Yves;6;Sienna;6;Léopoldine;6;Leo;6;;;;
Maksim;6;Abdel;6;Solveig;6;Kilyan;6;Jennifer;6;;;;
Solange;6;Artus;6;Stacy;6;Maëva;6;Naïs;6;;;;
Marvin;6;Lubin;6;Stéphanie;6;;;Imène;6;;;;
Rokia;6;Anselme;6;Tamara;6;;;Marie-Lou;6;;;;
Natalia;6;Pétronille;6;Tanguy;6;;;Hélie;6;;;;
Stefan;6;Giovanni;6;Yannick;6;;;Liv;6;;;;
Mattia;6;Arwen;6;Yoan;6;;;Elora;6;;;;
Angel;6;Meryam;6;Yohann;6;;;Hubert;6;;;;
Anaelle;6;Mickael;6;Zack;6;;;Amar;6;;;;
Johanna;6;Jaden;6;Zakary;6;;;Sarra;6;;;;
Aristide;6;Tomas;6;;;;;Marjorie;6;;;;
Anselme;6;Leandro;6;;;;;Joan;6;;;;
Igor;6;Raoul;6;;;;;Leny;6;;;;
Ron;6;Maëly;6;;;;;Fantine;6;;;;
Mickael;6;Angel;6;;;;;Maceo;6;;;;
Ambrine;6;Gary;6;;;;;Alain;6;;;;
Zahra;6;Kyllian;6;;;;;Kadidiatou;6;;;;
Fodé;6;Kawtar;6;;;;;Alexander;6;;;;
Arwen;6;Idris;6;;;;;Ilhan;6;;;;
Emmie;6;Eytan;6;;;;;Rahma;6;;;;
Baudouin;6;Nermine;6;;;;;Yoël;6;;;;
Daria;6;Yamina;6;;;;;Anouck;6;;;;
Haby;6;Shayma;6;;;;;Ruth;6;;;;
Chris;6;Tamara;6;;;;;Aleksandra;6;;;;
Edgard;6;Tiffany;6;;;;;Adriana;6;;;;
Hamidou;6;Mika;6;;;;;Louis-Marie;6;;;;
Clélie;6;Salimata;6;;;;;Maïwenn;6;;;;
Thierno;6;Jérôme;6;;;;;;;;;;
Luan;6;Cerise;6;;;;;;;;;;
Salimata;6;Rémy;6;;;;;;;;;;
Emilia;6;Kenny;6;;;;;;;;;;
Boubou;6;Émile;6;;;;;;;;;;
Aly;6;Imrane;6;;;;;;;;;;
Gaïa;6;Melody;6;;;;;;;;;;
Jayden;6;Scarlett;6;;;;;;;;;;
Cédric;6;Ayden;6;;;;;;;;;;
Tiana;6;Elora;6;;;;;;;;;;
Jérôme;6;Tasnime;6;;;;;;;;;;
Ismail;6;Zoë;6;;;;;;;;;;
Saïd;6;Evy;6;;;;;;;;;;
Aubin;6;Marie-Lou;6;;;;;;;;;;
Malia;6;Hédi;6;;;;;;;;;;
Nawel;6;Nelson;6;;;;;;;;;;
Bouchra;6;Moïra;6;;;;;;;;;;
Mya;6;Amara;6;;;;;;;;;;
Aziz;6;Daniela;6;;;;;;;;;;
Selena;6;Frédéric;6;;;;;;;;;;
Bahia;6;Amicie;6;;;;;;;;;;
Tasnime;6;Élias;6;;;;;;;;;;
Foucauld;6;Alon;6;;;;;;;;;;
Aïssata;6;Johann;6;;;;;;;;;;
Kayna;6;Alizée;6;;;;;;;;;;
Hélie;6;Abigaëlle;6;;;;;;;;;;
Firas;6;Tidiane;6;;;;;;;;;;
Nil;6;Eileen;6;;;;;;;;;;
Elora;6;Matthew;6;;;;;;;;;;
Cléa;6;Zuzanna;6;;;;;;;;;;
Binta;6;Joël;6;;;;;;;;;;
Kilian;6;Maëline;6;;;;;;;;;;
Hatem;6;Mateja;6;;;;;;;;;;
Alone;6;Tali;6;;;;;;;;;;
Zoë;6;Maïly;6;;;;;;;;;;
Kenzy;6;Adja;6;;;;;;;;;;
Brieuc;6;Allan;6;;;;;;;;;;
Alima;6;Wissem;6;;;;;;;;;;
Kenzi;6;Kilyan;6;;;;;;;;;;
Maïly;6;Christine;6;;;;;;;;;;
Wissam;6;Flavio;6;;;;;;;;;;
Lula;6;Joanne;6;;;;;;;;;;
Fabien;6;Maceo;6;;;;;;;;;;
Lyne;6;Victorien;6;;;;;;;;;;
Killian;6;Anouck;6;;;;;;;;;;
Tancrède;6;Lylia;6;;;;;;;;;;
Lyam;6;Fantine;6;;;;;;;;;;
Wendy;6;Isée;6;;;;;;;;;;
Ludmila;6;;;;;;;;;;;;
Khady;6;;;;;;;;;;;;
Anouck;6;;;;;;;;;;;;
Elyne;6;;;;;;;;;;;;
Damian;6;;;;;;;;;;;;
Bonnie;6;;;;;;;;;;;;
Sidy;6;;;;;;;;;;;;
Yael;6;;;;;;;;;;;;
Rym;6;;;;;;;;;;;;
Maceo;6;;;;;;;;;;;;
